temperature,humidity,final_label
10.0762,19.2200,1
10.1876,20.7054,1
9.5122,19.0234,1
10.0320,21.6594,1
9.9958,21.2568,1
10.2198,22.4799,1
10.0165,24.6385,1
10.1169,23.1486,1
10.0922,23.0739,1
10.2196,25.6522,1
9.9538,25.1790,1
10.3056,25.5738,1
9.8929,27.3221,1
10.1331,27.8603,1
10.1032,27.9093,1
10.5354,29.1779,1
9.8719,28.8724,1
10.1540,30.3295,1
9.9715,30.7492,1
9.7939,31.8673,1
10.1858,31.7867,1
9.8336,33.4500,1
10.0292,33.4399,1
10.2179,33.4436,1
10.1697,35.2231,1
10.0723,35.6459,1
9.6357,34.9327,1
9.8824,36.5898,1
9.9312,38.1902,1
9.7835,37.7952,1
9.5793,38.7144,1
10.0407,39.4052,1
10.1778,39.5605,1
9.9128,40.5153,1
10.2145,40.7186,1
9.6811,40.0121,1
9.7701,43.1315,1
10.0356,43.2765,1
9.8932,42.8775,1
10.1564,44.4232,1
10.1142,44.1587,1
9.9092,44.3689,1
9.7010,46.9170,1
9.8826,46.5611,1
10.1202,46.8866,1
10.1663,48.3744,1
9.8942,48.3885,1
9.5782,47.3629,1
9.6693,49.5969,1
10.0999,49.6657,1
9.9055,51.3192,2
9.9109,52.7945,2
9.7666,52.0873,2
9.7625,51.9871,2
10.2101,52.8424,2
10.1086,54.3162,2
9.8515,53.0534,2
10.0180,55.6374,2
10.0582,56.0509,2
10.4004,55.8550,2
9.7441,58.0655,2
10.0550,58.9504,2
10.2088,58.1987,2
10.3658,58.9360,2
9.8401,59.1327,2
9.9025,58.7951,2
10.1588,61.5575,2
9.6323,60.9625,2
10.0784,62.3527,2
10.4992,65.8061,2
10.1036,62.8785,2
9.4670,63.8215,2
9.7968,65.2057,2
9.8470,65.4117,2
10.2665,65.6350,2
9.9603,66.6371,2
9.5813,67.0491,2
9.9866,68.7397,2
10.0326,70.0474,3
9.8752,68.4216,2
9.7587,68.7664,2
10.5321,70.5909,3
10.2096,70.5297,3
10.2329,71.4956,3
9.9608,73.0729,3
9.8363,73.4380,3
9.8863,72.1842,3
9.6805,75.1294,3
10.3948,75.1200,3
9.9703,75.2144,3
11.5334,20.1645,1
11.1042,20.8297,1
11.3141,21.1518,1
11.2527,20.9782,1
10.8649,23.1347,1
11.6378,21.7619,1
11.1111,24.8892,1
10.9301,23.1221,1
11.3677,23.4972,1
11.2056,25.5671,1
11.2913,26.7453,1
11.2295,26.1726,1
10.6944,27.5497,1
10.9961,26.6721,1
10.9874,27.3356,1
11.4359,28.4880,1
11.2146,29.1196,1
11.1250,30.2348,1
11.3414,32.3824,1
11.1683,30.8574,1
11.1509,31.5612,1
11.2510,32.4626,1
11.2295,33.4470,1
11.8363,34.6835,1
10.9936,34.9569,1
10.8410,34.7294,1
11.2858,36.0768,1
11.0246,36.5784,1
10.6701,36.9470,1
10.9413,36.6719,1
10.9877,38.8948,1
10.7675,37.8652,1
11.7392,38.0000,1
10.9327,42.2398,1
11.9332,39.9834,1
11.1148,41.1182,1
11.6391,42.0185,1
11.1456,43.3416,1
11.3156,42.4765,1
11.1734,43.6240,1
11.1474,44.4554,1
11.2649,44.2387,1
11.3248,47.3113,1
11.2458,46.8155,1
11.2202,46.5518,1
11.0265,48.6856,1
11.1826,50.0182,2
11.6002,48.7377,1
11.0161,49.5105,1
11.5047,50.5419,2
11.3269,49.0364,1
11.4388,52.5822,2
10.9293,51.8877,2
11.2728,52.2807,2
11.1339,54.0603,2
11.1439,54.2524,2
11.5748,52.2129,2
11.1477,56.1669,2
11.2809,55.7555,2
10.7677,56.2805,2
11.6387,56.7806,2
11.4229,57.6846,2
11.1916,57.1414,2
11.1233,60.8026,2
11.3526,61.1268,2
11.5012,60.1569,2
11.6429,62.0534,2
11.4139,61.5017,2
11.2235,61.2011,2
11.4543,62.7370,2
11.4025,63.4777,2
11.4997,64.1838,2
11.6621,66.0653,2
10.8139,65.4670,2
10.9139,65.1285,2
11.5847,67.8919,2
11.0322,66.6535,2
11.2151,66.5014,2
11.0391,69.5443,2
11.4957,69.7669,2
10.6341,69.5386,2
11.2249,71.5173,3
11.6109,69.6595,2
11.0591,71.6501,3
10.8115,74.2104,3
11.2990,73.7384,3
11.0642,73.7138,3
11.4740,75.1747,3
11.2655,75.2028,3
10.9911,74.8894,3
12.3757,20.2875,1
12.6637,19.2061,1
12.3825,21.1111,1
12.2279,21.2799,1
12.4644,22.5298,1
12.4166,22.8933,1
12.6280,24.4245,1
12.5523,25.5388,1
12.3625,22.2905,1
12.8149,25.3464,1
12.4408,26.6718,1
12.0132,24.7509,1
12.0135,26.9906,1
12.5237,27.9793,1
12.4829,26.5266,1
11.8363,29.5235,1
12.2958,29.8273,1
12.5893,29.5864,1
12.6038,31.5512,1
12.5463,30.8508,1
12.3689,31.5269,1
12.6189,32.9806,1
12.5441,33.0765,1
12.3844,33.8980,1
11.9155,34.2001,1
12.0432,33.4222,1
12.2442,35.7345,1
12.3426,37.2173,1
12.6861,38.0647,1
12.3965,38.0842,1
12.4368,38.3375,1
12.2652,37.8551,1
12.1918,38.6970,1
12.6147,42.1526,1
12.0682,41.1567,1
12.1537,41.2181,1
12.3810,41.3854,1
12.6459,42.3049,1
12.2803,41.9563,1
12.2502,44.9761,1
12.3665,44.9017,1
12.5043,45.6457,1
12.3281,45.4441,1
12.6806,46.3031,1
12.6924,46.8393,1
12.3810,48.7099,1
12.9015,50.0060,2
12.4311,48.5684,1
12.6829,49.7106,1
12.4971,50.3254,2
12.4923,49.7198,1
12.0164,50.6866,2
12.1344,51.8974,2
12.3405,53.6943,2
12.6903,53.4164,2
12.5007,53.8326,2
12.3427,54.2769,2
12.5686,55.7800,2
12.6798,55.1780,2
12.4154,57.9827,2
12.4696,59.0059,2
12.4367,58.3666,2
12.3996,57.8032,2
12.2189,60.1503,2
12.2009,60.3268,2
12.6851,60.1025,2
12.3422,62.0646,2
12.3366,62.4258,2
11.9559,61.4724,2
11.9161,62.4994,2
12.7548,64.2921,2
12.2339,62.4938,2
11.6727,65.1096,2
13.0189,65.8434,2
12.2739,65.8661,2
12.0236,67.1908,2
12.4387,67.3492,2
12.6115,67.6723,2
12.5809,68.7941,2
12.6382,70.5321,3
12.1713,68.6446,2
12.7477,71.0634,3
12.7647,70.8750,3
12.7776,71.3055,3
12.4784,74.2770,3
12.3234,72.3976,3
12.3017,73.4427,3
12.0224,75.4781,3
12.2791,75.8609,3
11.8152,74.4101,3
13.1991,19.3803,1
13.6826,19.8656,1
13.5573,19.8806,1
13.6715,21.1402,1
13.7974,22.3936,1
13.7169,22.3140,1
13.6948,25.3194,1
13.5989,23.5628,1
13.4323,23.0189,1
13.3096,25.0231,1
13.6030,25.9404,1
13.6335,25.1155,1
13.8457,28.1408,1
13.5808,27.0965,1
13.7578,27.7272,1
13.2587,29.4318,1
13.6862,28.8080,1
13.6682,28.3916,1
13.9547,32.3153,1
13.5576,31.6519,1
13.0182,30.5120,1
13.5472,32.4718,1
13.7993,34.7738,1
13.3265,32.6478,1
13.6796,36.3808,1
13.3151,35.3592,1
14.0760,33.9336,1
13.3004,36.7513,1
13.4905,37.6784,1
13.6811,35.7377,1
13.7495,38.5324,1
13.9393,38.4948,1
13.4615,39.3714,1
13.8114,41.1981,1
13.1993,41.2656,1
13.3621,41.0385,1
13.2648,43.0934,1
13.4190,41.7966,1
13.7991,42.9399,1
13.4672,45.7436,1
13.5105,44.6793,1
13.6879,44.1904,1
13.7385,46.1516,1
13.5178,47.5737,1
13.3605,44.7421,1
14.0234,50.3603,2
13.5194,46.9956,1
13.5431,48.2336,1
13.5732,49.5098,1
13.7656,50.7382,2
13.2471,50.8692,2
14.1339,52.3703,2
13.5364,52.1349,2
13.7745,50.9434,2
13.6618,53.8451,2
14.0826,54.0073,2
14.0377,53.3101,2
13.7675,56.2740,2
13.4034,56.1675,2
13.9238,55.7916,2
13.1977,57.9179,2
13.3951,57.6743,2
13.6003,56.6518,2
13.2168,60.1891,2
13.4900,57.9040,2
13.8169,60.0319,2
13.4422,60.7365,2
13.8296,61.9862,2
14.2163,62.0393,2
13.7176,63.4955,2
13.8249,64.0895,2
13.9336,63.2297,2
13.5118,65.1579,2
13.8184,66.6410,2
13.5060,65.1987,2
13.6992,67.2295,2
13.8587,65.7250,2
13.4140,66.8270,2
13.0406,68.5876,2
13.3919,69.1595,2
13.8989,69.1265,2
13.3630,71.1642,3
13.8830,70.4749,3
13.3930,71.6258,3
13.5653,73.5891,3
13.6173,73.6297,3
13.3619,73.0944,3
13.5680,74.0881,3
13.2298,75.5143,3
13.5330,74.2333,3
14.8035,20.8460,1
14.2574,18.8775,1
14.5969,21.0959,1
14.8982,22.4720,1
14.5425,21.0569,1
14.9395,21.9403,1
14.9648,23.6523,1
14.8971,23.9117,1
15.0220,24.3984,1
14.4226,24.0042,1
15.0780,26.5804,1
14.5724,24.2948,1
14.8523,28.2843,1
15.2770,27.9734,1
14.7347,26.9164,1
14.8304,29.2583,1
14.5738,31.0193,1
15.2739,30.3348,1
14.5974,32.0206,1
14.9875,31.7112,1
15.1400,31.8558,1
15.0126,33.7535,1
14.9128,31.9382,1
14.8485,32.8587,1
14.5076,36.4338,1
15.2598,36.1918,1
14.8914,36.1854,1
14.8306,37.2211,1
14.5542,37.3667,1
14.8427,36.0920,1
14.8148,38.9057,1
15.2770,39.6362,1
14.8304,39.1521,1
14.8386,40.7099,1
14.5570,40.7488,1
14.6411,39.9243,1
14.9554,43.0521,1
14.3809,42.6666,1
15.0765,43.5530,1
15.0840,44.6844,1
14.6163,43.8424,1
14.9137,44.9396,1
15.1494,47.3767,1
14.7945,45.6186,1
14.7478,46.7146,1
14.7771,48.0149,1
14.8908,48.0703,1
14.6706,48.6819,1
14.7271,50.5279,2
14.8959,49.4903,1
14.7073,51.4232,2
14.5371,50.6539,2
14.3621,52.2632,2
14.8353,52.1532,2
15.1311,52.1333,2
14.9266,55.3090,2
14.5456,53.8531,2
14.6394,55.3637,2
14.7460,57.1051,2
15.2869,55.7825,2
15.3039,57.9577,2
15.2660,57.8611,2
14.8604,58.2051,2
15.6223,60.4660,2
14.6508,60.5543,2
14.7371,59.4603,2
15.0547,61.7475,2
14.8972,61.7346,2
14.9117,62.0429,2
14.3433,64.1206,2
14.5821,62.5390,2
14.8130,63.6837,2
14.6542,66.1405,2
14.4920,65.2120,2
14.6814,65.4823,2
14.8973,66.6579,2
15.0087,67.4610,2
14.3546,65.9448,2
14.8245,69.1446,2
14.8017,69.2894,2
14.8840,70.0211,3
14.5498,70.3279,3
14.5543,71.4236,3
15.1388,70.8834,3
14.2022,71.8255,3
14.6193,72.6852,3
14.7255,73.1324,3
14.7497,75.7870,3
14.6586,74.3533,3
14.9473,73.8483,3
16.1319,20.0769,1
15.9976,21.1912,1
15.8789,21.5452,1
15.9781,20.9388,1
16.0520,21.0894,1
15.8465,22.1943,1
16.1734,23.3265,1
16.2813,24.6612,1
16.3936,24.1902,1
16.3753,24.2791,1
15.9550,25.0394,1
16.0643,25.2611,1
15.9929,28.9978,1
15.9921,27.8966,1
15.9764,27.6430,1
16.0360,29.8190,1
16.3258,30.7183,1
16.1119,29.9249,1
15.7468,31.3134,1
16.2696,32.0288,1
16.0874,32.0441,1
16.1572,34.1761,1
16.1068,33.0091,1
16.1184,31.0779,1
16.1302,32.4361,1
15.6036,35.5112,1
16.1539,34.3006,1
15.8565,38.0969,1
15.9135,38.7512,1
16.0340,37.3750,1
16.4387,39.0638,1
15.7839,38.8832,1
16.0256,37.9420,1
15.9705,40.3054,1
16.2656,40.8880,1
15.9638,40.7824,1
16.0903,43.2212,1
15.7846,41.9774,1
16.3107,42.4494,1
15.6803,44.9880,1
16.1503,43.5071,1
16.0919,45.2069,1
16.1281,47.0257,1
15.6834,46.8000,1
15.9588,46.1896,1
16.2521,49.5577,1
16.4831,49.4344,1
16.0070,48.7128,1
16.2262,50.4357,2
16.0672,50.9626,2
16.0197,49.7979,1
15.9309,52.7168,2
16.0352,52.4965,2
16.2020,51.9602,2
16.2235,54.4221,2
15.7258,55.2197,2
15.9093,52.8966,2
15.7732,55.2687,2
16.0475,55.8291,2
15.9503,56.4993,2
16.1195,58.1681,2
16.1369,58.3931,2
15.5075,57.6577,2
15.4894,59.8546,2
16.0333,60.6117,2
16.3314,59.9797,2
15.9094,62.0880,2
15.9025,61.7231,2
16.2810,61.3058,2
16.2359,64.1287,2
15.7958,64.3511,2
16.2091,63.6971,2
15.8439,64.8728,2
15.9001,65.9242,2
15.7956,65.8454,2
15.7240,67.2607,2
16.0619,69.2476,2
15.6902,68.5178,2
16.0719,69.6187,2
16.0641,69.6439,2
15.9961,70.4009,3
15.9204,72.0561,3
15.8734,71.1617,3
15.7665,71.5482,3
16.3958,73.0454,3
15.9853,72.2675,3
15.9772,71.9089,3
15.8063,75.1701,3
16.3642,77.1069,3
15.8878,76.0765,3
17.3023,19.8866,1
17.3495,20.0464,1
17.2690,19.6938,1
16.8919,20.7388,1
17.4047,21.6890,1
17.0924,21.9029,1
17.4401,23.9284,1
17.0774,24.7128,1
17.6362,24.1640,1
17.4848,26.6211,1
17.5239,26.1502,1
17.3910,26.0794,1
16.9670,28.1117,1
16.9024,26.9903,1
17.5673,28.2164,1
17.6132,29.2790,1
16.9533,29.3024,1
17.2669,29.5420,1
17.5248,31.1084,1
17.3294,30.6378,1
17.3540,31.3816,1
17.0539,33.0990,1
17.1953,33.0732,1
17.6842,33.2020,1
17.1804,33.5993,1
17.0178,34.9751,1
17.0699,36.2087,1
17.2001,38.0353,1
17.2568,37.0969,1
17.2192,37.0718,1
17.6711,37.2258,1
16.7410,38.5581,1
17.2450,39.4831,1
17.3597,40.5739,1
17.4961,41.6347,1
17.2874,41.5841,1
17.3095,42.3375,1
17.4158,42.8416,1
17.2417,43.8633,1
16.6287,43.5919,1
16.9446,44.3827,1
17.1777,43.5247,1
16.9951,45.9061,1
17.8557,47.9030,1
17.1384,46.2790,1
16.9541,47.0172,1
17.2122,47.6999,1
17.2202,47.2481,1
17.0509,50.4563,2
17.3329,50.6579,2
16.9113,50.9858,2
17.0413,52.7160,2
17.2387,51.2091,2
17.1623,52.5154,2
17.3946,54.0322,2
17.6243,54.8936,2
17.1772,54.7005,2
17.7248,57.5048,2
16.9344,55.3396,2
17.6126,55.2408,2
16.9107,57.5664,2
17.3464,57.8542,2
17.0787,57.4254,2
17.0633,59.1680,2
17.8118,60.0507,2
17.4631,59.4608,2
17.1949,61.1890,2
16.5785,60.6906,2
16.7887,60.0368,2
16.9425,64.6144,2
17.2303,64.5886,2
17.3441,64.2076,2
17.0162,65.9102,2
17.4236,65.0848,2
17.3813,65.9419,2
17.1040,66.5717,2
16.9453,67.4787,2
17.3231,66.8194,2
17.2480,69.7383,2
17.3959,70.4743,3
17.5606,68.5594,2
17.6623,70.8087,3
17.5026,71.2579,3
17.1383,69.8511,2
17.1985,71.9339,3
17.4832,74.2410,3
17.0422,73.3299,3
17.0600,74.5286,3
17.4350,74.9711,3
17.6763,74.6383,3
18.6981,20.0731,1
18.6472,19.6646,1
18.4359,19.9134,1
18.2393,22.3931,1
18.6108,22.3417,1
18.8325,22.9836,1
18.3545,24.0729,1
18.2924,23.8106,1
18.2983,25.0082,1
18.5392,25.5261,1
18.7467,24.0617,1
17.9447,26.2865,1
18.4634,27.7740,1
18.1167,27.5688,1
18.9492,28.2044,1
18.4907,29.1535,1
18.3496,27.8859,1
18.5127,30.1169,1
18.0544,30.8832,1
18.1589,30.6553,1
18.4616,29.8160,1
18.6018,33.8413,1
18.3855,31.4153,1
18.1992,34.2005,1
17.7538,34.9118,1
18.1533,35.7758,1
18.2795,35.4754,1
18.5896,38.4461,1
18.3975,37.3510,1
18.0770,37.9618,1
18.2581,38.5450,1
18.4427,37.7934,1
18.5055,39.6911,1
18.5215,39.6704,1
18.4173,41.4186,1
17.9788,40.0560,1
18.6674,42.9612,1
18.5513,44.1532,1
18.5654,43.2520,1
19.1260,44.4948,1
18.2488,44.9760,1
18.5580,44.2601,1
18.1902,48.2841,1
18.5300,46.0025,1
18.6773,46.4699,1
18.3851,48.8700,1
18.1253,48.7127,1
18.9265,48.7979,1
18.3542,49.9645,1
18.3457,50.1544,2
18.3538,51.0321,2
18.0150,52.8879,2
18.3534,52.5241,2
18.1665,53.2379,2
18.7597,54.8576,2
18.0696,54.7598,2
18.5495,52.9340,2
18.4422,56.3079,2
18.5873,56.1674,2
18.5211,57.1397,2
18.7548,55.7807,2
18.3689,57.8075,2
18.0103,58.0017,2
18.7605,59.0127,2
18.5324,59.1407,2
18.2803,60.9356,2
18.3126,62.0708,2
17.9805,63.1209,2
18.5989,61.5873,2
18.5922,62.5633,2
18.7439,63.3777,2
18.3973,63.2519,2
18.3031,66.0382,2
18.5123,66.0061,2
18.4461,65.9021,2
18.3436,69.0861,2
18.0563,68.3595,2
18.7903,66.7747,2
19.0056,70.0570,3
18.6911,69.3314,2
18.3940,69.1533,2
18.5459,72.2578,3
18.4936,70.5233,3
18.6544,71.8978,3
18.6119,73.6626,3
18.3805,72.4067,3
18.2312,71.8769,3
18.5075,74.9374,3
18.3383,72.7833,3
18.1364,75.8406,3
19.4890,20.2704,1
19.3075,21.0790,1
19.6192,20.2175,1
20.2366,23.0339,1
19.5785,21.4516,1
19.5738,22.2790,1
19.6289,23.4967,1
20.0220,23.7074,1
20.2301,23.8612,1
20.1015,25.9576,1
19.8959,25.1462,1
19.4417,26.0344,1
19.9023,27.6164,1
19.3336,26.5660,1
19.2984,26.2605,1
19.6825,30.3265,1
19.6518,27.7874,1
19.6075,29.3607,1
20.1792,30.2865,1
19.5575,32.6587,1
19.7677,31.8018,1
19.6838,33.5233,1
19.8496,32.6687,1
19.8747,32.2461,1
19.7373,35.3065,1
19.5011,35.1554,1
19.4995,34.3686,1
19.5668,36.2410,1
19.7359,36.2064,1
19.8332,36.1829,1
19.5136,38.4971,1
19.9865,39.2132,1
19.6022,39.3396,1
19.1284,40.8297,1
20.1546,40.9613,1
19.6722,41.2732,1
19.8791,41.2605,1
19.2346,42.9163,1
19.4765,43.7426,1
19.5764,43.2043,1
19.3382,42.5929,1
19.5966,44.5139,1
19.5491,47.3609,1
19.9548,46.4239,1
19.1215,47.0147,1
19.7940,48.6803,1
19.9005,47.5747,1
20.1574,47.7287,1
19.8425,49.0793,1
19.4226,51.4821,2
19.5899,50.9748,2
19.7144,52.1627,2
19.9961,52.0639,2
19.2100,51.6390,2
19.7930,54.4346,2
19.2634,53.5947,2
19.5097,53.8638,2
19.3112,55.5632,2
19.4730,56.6131,2
19.8575,55.9251,2
19.5572,58.0360,2
19.4510,57.0709,2
19.4201,57.4549,2
19.3643,59.9491,2
19.8376,58.6373,2
19.6615,59.6626,2
19.7405,61.7144,2
19.2918,60.7773,2
19.6625,62.4957,2
19.1016,63.8800,2
19.9526,63.5059,2
19.7927,63.0934,2
19.6253,64.3016,2
19.0691,66.2243,2
19.4089,65.1756,2
19.3086,66.3563,2
19.6117,66.8666,2
19.7497,67.7532,2
19.7354,69.4893,2
20.0496,68.5097,2
19.6414,70.1599,3
19.9713,70.1406,3
19.5771,72.2255,3
19.7822,71.3533,3
19.6008,72.8156,3
19.7272,72.9142,3
19.6445,73.1624,3
19.4857,75.3991,3
20.3837,73.6673,3
19.7362,74.4299,3
21.0064,20.0349,1
21.0525,20.8816,1
20.9102,20.8490,1
20.2760,23.0894,1
20.9558,22.7049,1
20.5571,21.2735,1
20.8986,23.7803,1
20.9328,24.6065,1
20.4208,24.5235,1
20.8641,25.5368,1
20.4943,26.0669,1
20.2585,26.1760,1
20.4890,27.6263,1
20.8323,28.4634,1
20.8174,27.0656,1
20.7354,30.4374,1
20.9961,29.1935,1
20.8030,28.3074,1
20.9592,30.0594,1
21.0500,31.4758,1
21.4588,30.5542,1
20.8364,34.6246,1
21.1599,32.7537,1
20.9181,33.2774,1
20.9326,34.6484,1
20.8397,33.9739,1
20.8958,35.5099,1
20.8052,35.8577,1
21.1092,37.3424,1
20.6806,36.8585,1
20.4869,38.1965,1
20.7276,39.8868,1
20.7022,39.4457,1
20.7275,41.0480,1
20.8267,41.5169,1
20.7284,39.6827,1
20.5166,42.3597,1
20.5498,43.0663,1
20.7456,44.5396,1
20.4276,44.8079,1
20.5801,44.2851,1
20.8974,42.9111,1
20.9213,47.9789,1
20.7487,46.7466,1
21.1183,46.4288,1
20.7168,46.7415,1
21.0223,48.3634,1
20.6089,48.5432,1
20.7161,49.9485,1
21.0136,49.3410,1
21.1239,49.2966,1
20.6964,53.6836,2
21.1439,52.3146,2
20.6269,51.8444,2
20.8804,54.1661,2
20.8394,54.1148,2
20.8085,53.0564,2
20.7329,56.7205,2
20.5200,55.8923,2
20.6571,56.1180,2
20.7649,59.0391,2
20.9887,56.9472,2
21.0299,57.3500,2
20.7178,60.0630,2
20.7391,60.4972,2
20.6684,59.3634,2
20.6980,61.2999,2
21.1369,62.1957,2
21.2896,63.4249,2
20.6044,63.6735,2
20.5680,63.0375,2
20.7045,62.8278,2
20.5991,65.4090,2
20.5579,66.1488,2
20.6326,67.6244,2
20.7492,67.4678,2
20.5382,68.6934,2
21.1419,67.6365,2
20.5254,69.4683,2
20.5817,70.4071,3
21.0644,69.3819,2
20.2530,70.4693,3
21.0340,72.1166,3
21.1394,70.0129,3
20.9375,73.8651,3
20.4475,73.0975,3
20.9305,72.8779,3
20.3990,74.7557,3
20.7802,74.8889,3
20.7212,74.6677,3
22.0590,20.3318,1
21.9929,19.6928,1
22.0921,18.5593,1
22.1882,21.8961,1
22.0789,22.6171,1
21.5808,20.4162,1
22.1374,23.7878,1
22.1115,23.4465,1
22.2351,24.4926,1
22.1900,25.4940,1
21.5420,26.2666,1
22.3744,26.1731,1
21.8491,28.0916,1
22.2841,28.7553,1
21.8499,27.4164,1
22.2558,29.5258,1
21.7896,29.7937,1
22.2136,29.5487,1
22.1239,31.1853,1
22.4385,30.7038,1
21.9221,31.3876,1
22.2887,32.1528,1
21.7414,31.7476,1
22.0771,32.4371,1
21.9728,35.6684,1
21.9086,35.3459,1
21.9941,35.6765,1
22.1877,36.5500,1
22.0268,37.8518,1
22.1673,36.0212,1
22.2329,38.1521,1
22.4221,39.7336,1
22.1414,39.0834,1
22.0167,41.3710,1
21.9763,41.0387,1
22.2869,40.4407,1
21.9149,41.8628,1
21.8028,41.3873,1
22.2514,44.1153,1
22.4253,43.4356,1
22.2502,45.7218,1
21.9548,44.7313,1
21.5670,46.7518,1
21.8031,46.7015,1
21.6787,46.9589,1
22.3251,47.8609,1
21.7847,46.8313,1
22.0024,48.0121,1
21.6812,50.6846,2
21.9565,49.5380,1
21.9303,51.1483,2
22.2197,52.1439,2
22.2237,51.3707,2
22.0771,52.3519,2
21.9515,54.4645,2
21.8739,54.5203,2
22.2069,51.9501,2
22.3665,53.7488,2
21.9150,56.8035,2
21.9896,54.9348,2
21.7955,58.7012,2
21.5886,58.7778,2
22.0552,57.0367,2
21.9232,59.0647,2
22.2855,60.3769,2
21.6392,59.5249,2
21.8532,62.6943,2
21.7314,62.9273,2
22.0606,60.8527,2
21.8996,63.0195,2
21.7503,63.6918,2
21.7620,61.9854,2
21.9740,64.1651,2
21.8809,64.8354,2
21.8512,67.0180,2
22.0831,67.5978,2
21.6249,66.9233,2
22.1228,66.6454,2
22.2960,68.4083,2
21.9974,68.8708,2
22.1100,68.8300,2
22.0012,71.0298,3
21.8854,71.5707,3
22.1286,71.1404,3
21.9614,73.7009,3
22.0100,72.8734,3
22.0951,74.3759,3
21.7339,75.5774,3
21.5957,75.1630,3
22.4627,75.3665,3
23.3185,19.5797,1
23.2836,19.8110,1
23.0794,19.7826,1
23.3255,21.3211,1
23.0743,20.8764,1
23.3735,22.3055,1
23.3338,24.5170,1
23.2978,24.0871,1
23.3518,23.7244,1
23.1432,27.3503,1
23.1629,25.1902,1
23.3844,25.8785,1
22.9247,28.4282,1
23.2523,26.7530,1
23.5731,28.0555,1
22.9597,30.8156,1
23.4406,29.4751,1
23.6734,29.6022,1
23.2688,30.8841,1
23.4213,31.7368,1
23.2795,30.7868,1
23.3083,33.2235,1
22.9425,32.1720,1
23.4172,31.3244,1
23.3272,34.8139,1
23.6029,34.8023,1
23.4407,34.8747,1
23.3043,37.6216,1
23.1602,37.8164,1
23.0274,37.2899,1
23.5065,39.4605,1
23.7550,38.3929,1
22.9311,38.2198,1
23.4410,41.2355,1
23.3014,40.0199,1
23.4676,39.9435,1
23.5656,44.9017,1
23.3675,43.1960,1
23.1526,41.4010,1
23.1252,43.8355,1
22.9141,45.9469,1
23.3441,44.9399,1
23.1986,46.4221,1
23.5170,46.5275,1
23.4085,46.4047,1
23.1903,47.3931,1
22.7814,48.2521,1
23.2900,47.4837,1
23.2672,50.3851,2
22.7369,49.6585,1
23.3777,50.6351,2
22.9874,52.3602,2
23.5315,52.8242,2
23.2520,51.8904,2
23.1185,54.4888,2
23.3246,54.6100,2
23.3088,54.7520,2
23.2995,56.6230,2
23.4936,55.4311,2
22.8238,57.1921,2
23.3400,56.6452,2
23.0974,58.5099,2
23.2059,57.5470,2
23.6261,59.0421,2
23.0763,59.9861,2
23.3735,60.1998,2
23.5037,61.8731,2
23.3982,61.5297,2
23.2915,61.8048,2
23.3296,64.2001,2
23.4146,63.6539,2
23.0736,63.6714,2
23.2689,65.6621,2
23.8275,65.1244,2
23.3814,66.3186,2
23.3004,69.1672,2
23.1814,67.6569,2
23.0762,67.1501,2
23.3381,69.9451,2
23.3556,70.2547,3
23.2521,69.0612,2
23.9519,71.5026,3
23.0960,70.6862,3
23.0402,71.9093,3
23.1848,73.1990,3
23.2600,73.6521,3
23.0642,72.2968,3
23.3319,75.4507,3
23.3590,74.3929,3
23.4452,74.4421,3
24.3524,19.2920,1
24.8080,20.4751,1
24.6340,20.9354,1
25.1859,20.6146,2
24.2982,21.4344,1
24.2701,21.0884,1
24.4078,22.8807,1
24.5665,23.8319,1
24.6030,24.1739,1
24.6335,25.4096,1
25.0130,25.8655,2
24.0171,24.9379,1
24.0476,27.5992,1
24.4523,27.2349,1
24.9855,27.9979,1
24.6643,28.7845,1
24.2330,29.5104,1
24.5260,28.0905,1
24.4377,31.3899,1
24.4290,30.7693,1
24.3479,31.2467,1
24.5055,33.7295,1
24.7530,33.0551,1
24.3687,33.6041,1
24.6355,34.8468,1
24.6804,35.9071,1
24.8057,36.5062,1
24.2662,37.0794,1
24.4856,36.9954,1
24.3204,35.9548,1
24.5059,38.3893,1
24.5043,38.3700,1
24.2078,39.1412,1
24.5205,41.2965,1
25.0292,41.0700,2
24.6040,40.0539,1
24.1610,43.9457,1
24.2519,41.9757,1
24.4730,42.6910,1
24.2571,44.4264,1
24.7901,44.0507,1
24.1343,45.3621,1
24.6058,46.0863,1
24.0872,45.9933,1
24.4691,47.4260,1
24.2236,48.3849,1
24.6515,46.6623,1
24.7412,47.5614,1
24.5658,50.5298,2
24.7539,50.7580,2
23.8884,49.7562,1
24.5173,52.0951,2
24.6022,52.8334,2
24.6349,52.0807,2
24.0212,53.7963,2
24.5869,53.3201,2
24.6406,54.8192,2
24.5145,53.7366,2
24.1632,57.4491,2
24.3461,54.5464,2
24.7916,57.9411,2
24.7590,58.1388,2
24.5974,58.2033,2
24.6571,61.5357,2
24.7255,58.6423,2
24.5944,60.6837,2
24.7834,61.4042,2
24.7740,62.4199,2
25.1259,61.1616,2
24.3559,63.3911,2
24.3602,62.9532,2
23.7921,63.2947,2
24.5751,65.1473,2
24.9666,65.5273,2
24.8055,65.7133,2
24.6894,67.6232,2
24.8250,67.4557,2
24.6068,67.6885,2
24.4107,69.6141,2
25.0414,69.1075,2
24.5876,70.2537,3
24.7678,71.2157,3
23.8869,71.5944,3
23.9279,72.3093,3
24.5251,73.8532,3
24.2572,71.9391,3
24.5479,73.0782,3
24.3599,75.0635,3
25.1746,75.6259,3
24.7451,75.6329,3
26.0595,19.8574,2
25.1760,19.8586,2
25.8926,19.2726,2
25.6456,21.3777,2
26.0652,22.4586,2
25.8525,22.3628,2
25.6803,23.9413,2
25.3934,22.1533,2
25.7272,24.0361,2
25.9920,26.8682,2
26.0822,24.9411,2
25.6016,26.0499,2
26.3226,28.6963,2
25.9695,27.2954,2
25.4689,28.1779,2
25.4145,29.3039,2
25.6610,30.6774,2
25.6010,27.6533,2
25.8158,30.8550,2
25.7003,31.3143,2
25.6212,31.9721,2
25.3064,32.8881,2
25.8607,32.8153,2
25.2875,33.7773,2
25.9704,35.1387,2
25.1994,35.7019,2
25.2747,35.4040,2
25.4678,36.1991,2
25.5792,36.9315,2
25.5286,37.5105,2
25.5781,39.7007,2
25.7599,38.4423,2
25.4732,37.7299,2
25.7623,40.5961,2
25.0966,40.4603,2
25.4644,42.0438,2
25.2640,41.6776,2
25.9671,43.7762,2
25.5034,42.2846,2
25.8437,42.9098,2
25.2244,44.4446,2
26.0771,44.3284,2
25.7149,47.4021,2
26.2164,46.1191,2
25.6854,47.9183,2
25.3091,49.2190,2
25.4351,48.5251,2
25.6290,47.7298,2
25.4439,50.5521,2
25.9385,50.2475,2
25.7072,50.7732,2
25.4468,52.7962,2
25.8945,54.1941,2
25.5956,51.8978,2
25.8819,54.7523,2
25.5559,53.8356,2
25.8249,53.5172,2
25.5870,56.1017,2
25.9386,55.5810,2
25.2291,54.5970,2
25.3748,56.9462,2
25.6510,57.0394,2
25.5140,57.3505,2
25.5795,60.8195,2
25.8551,59.8397,2
25.5744,59.5027,2
25.7716,62.1623,2
25.4628,61.7515,2
25.1817,61.8829,2
25.8802,63.4106,2
26.1438,62.9598,2
25.7440,63.5938,2
25.6646,65.4315,2
25.7164,66.1532,2
26.0341,65.5156,2
25.8935,66.8875,2
25.8811,66.8423,2
25.9623,69.0718,2
25.6591,67.6659,2
25.5526,70.2343,3
25.8279,69.4970,2
25.9418,71.5702,3
25.9941,71.8965,3
26.0701,71.4760,3
25.9160,72.8731,3
25.5393,74.3835,3
25.7437,73.7071,3
25.7206,74.5601,3
25.6924,76.0770,3
25.8285,73.7164,3
26.8427,21.3367,2
26.8431,18.6496,2
27.3698,20.5118,2
26.8790,21.6180,2
27.1671,21.4901,2
27.1836,22.3032,2
26.9577,23.9022,2
26.8528,24.5773,2
26.6802,22.5767,2
27.0502,26.1631,2
27.0166,25.9955,2
26.8164,26.2803,2
26.8852,27.2209,2
26.8186,29.1017,2
26.4628,27.9610,2
26.4768,29.4016,2
26.7881,27.9190,2
26.9938,29.1977,2
26.3717,32.0090,2
27.2553,32.4969,2
26.9863,31.4139,2
27.2286,34.5377,2
27.1799,32.5697,2
26.9469,33.6055,2
26.4441,35.5244,2
27.4648,35.6524,2
27.2649,35.3096,2
26.8782,37.3549,2
26.6926,36.3461,2
27.2131,38.0982,2
26.6488,39.6915,2
26.8748,39.2204,2
27.0116,39.7113,2
26.9172,41.9197,2
26.9739,41.3302,2
26.6882,42.4811,2
27.0140,43.2934,2
26.4945,42.1416,2
27.2060,42.9738,2
26.4181,45.4339,2
26.7606,45.7137,2
26.8746,44.8087,2
27.1913,45.8786,2
26.6483,46.4044,2
27.1033,45.5536,2
26.4795,49.0661,2
26.7458,48.1541,2
26.4323,47.9390,2
26.8947,51.0426,2
26.7037,51.5879,2
26.7254,49.8325,2
27.2809,52.4000,2
26.7585,52.1250,2
27.2348,53.3410,2
26.6924,54.1061,2
26.9191,53.3983,2
26.8826,54.1419,2
27.1816,56.9401,2
26.8142,55.8740,2
27.0626,55.5956,2
27.0437,57.8651,2
26.6542,57.2134,2
27.2583,57.8137,2
27.3066,59.4424,2
26.9694,61.6221,2
26.6322,58.4042,2
27.2182,61.1040,2
26.8914,61.2847,2
26.9636,61.0112,2
26.8516,63.9580,2
26.6445,63.0956,2
26.8097,62.5491,2
26.7909,65.6063,2
26.7967,65.3137,2
26.8916,65.0254,2
27.0693,68.4908,2
26.7805,67.7777,2
26.8366,67.6879,2
27.2880,69.6918,2
26.4532,69.6508,2
27.2048,69.1441,2
27.1455,70.6893,3
26.5252,71.3128,3
26.4574,71.0271,3
27.2183,71.6711,3
26.5767,72.3294,3
26.8807,72.8292,3
27.2463,75.7158,3
27.0204,75.1092,3
26.9949,74.3535,3
28.3178,19.1660,2
28.3123,20.8896,2
28.1562,19.8678,2
28.2035,19.7504,2
28.1790,21.8115,2
28.0908,22.4265,2
28.0848,22.9379,2
28.0681,23.8438,2
28.1322,23.9145,2
28.3633,24.8751,2
28.1474,26.6571,2
27.6698,25.8244,2
27.9571,27.3082,2
27.8772,27.4590,2
28.5638,26.6379,2
27.8110,28.5063,2
28.5353,29.1360,2
28.0970,29.1807,2
27.8673,31.2029,2
28.7180,32.4234,2
27.8902,31.8650,2
27.8956,31.9436,2
28.3583,34.1459,2
28.3650,32.9235,2
28.0618,35.7347,2
28.2013,34.8772,2
27.6987,35.2578,2
28.3732,36.1708,2
28.2631,37.3176,2
28.2910,37.7229,2
27.9298,37.7528,2
27.9701,39.6324,2
27.9679,38.4450,2
27.6481,42.1766,2
28.3099,41.4395,2
28.3454,41.2946,2
28.0424,42.6358,2
27.9966,44.7347,2
28.2424,42.4108,2
28.2198,43.8970,2
28.4796,44.1594,2
28.2287,45.4547,2
28.1996,46.6226,2
28.1061,46.5094,2
27.9593,46.2146,2
28.4733,48.3669,2
27.9070,48.0611,2
28.3785,48.9550,2
28.2435,50.1517,2
28.2468,49.8622,2
28.0385,51.0722,2
28.3220,51.5049,2
27.8896,52.3229,2
28.5350,50.8047,2
28.1730,53.1059,2
27.9449,53.8646,2
27.9983,53.7376,2
28.1052,55.6330,2
27.7378,56.6194,2
28.2917,56.6669,2
27.7183,58.1552,2
28.2724,57.1576,2
28.1057,57.8438,2
28.5640,61.2710,2
27.6874,61.6980,2
27.8746,60.5631,2
28.3461,60.9774,2
28.2268,61.6435,2
28.2420,61.8971,2
28.4025,63.6772,2
28.0615,64.4427,2
28.2485,64.1695,2
27.9373,64.7333,2
27.9615,65.0516,2
28.3000,66.2492,2
28.0647,68.4870,2
28.4456,67.5963,2
27.8980,68.5953,2
28.0882,69.4050,2
28.0185,68.6430,2
27.7363,69.7850,2
27.9076,73.5015,3
27.8319,70.2639,3
28.2310,72.3539,3
28.1196,73.5326,3
27.6426,72.5953,3
27.8350,71.6822,3
28.1327,73.3179,3
27.7729,74.5971,3
27.8956,75.2973,3
29.3867,20.6703,2
29.4984,20.8556,2
29.3099,20.2276,2
29.4382,22.0028,2
29.2110,21.6472,2
29.1060,22.2128,2
29.2868,23.2957,2
29.1448,22.8853,2
29.5551,23.8521,2
29.0946,26.2961,2
29.1702,24.6348,2
29.5657,25.2868,2
29.2081,27.6171,2
29.5960,27.6012,2
29.0106,27.9941,2
29.1891,30.8987,2
29.3101,27.8065,2
29.3997,30.9412,2
29.7043,32.7525,2
29.0554,32.0634,2
29.1298,31.5475,2
28.9921,32.7925,2
29.1413,33.9498,2
29.5105,33.4835,2
28.9727,34.9387,2
29.1238,35.8247,2
29.6049,35.9647,2
29.1215,35.0143,2
28.8686,38.1352,2
29.2100,36.5059,2
29.7210,39.9144,2
29.3165,38.7455,2
29.2773,39.1359,2
29.7104,41.1789,2
29.4919,41.7390,2
29.0179,41.4282,2
29.2367,40.8715,2
28.7783,41.9950,2
29.4432,42.8440,2
29.3564,46.1184,2
28.9931,44.6346,2
29.3865,44.1030,2
29.3174,45.3518,2
29.6628,46.0405,2
29.8182,46.5274,2
29.5674,48.4083,2
29.3027,48.0103,2
29.3401,48.6868,2
29.1143,50.2510,2
29.1578,52.0696,2
29.2879,51.5037,2
29.2614,52.4358,2
28.9800,51.9061,2
29.3630,53.4309,2
29.3658,55.1757,2
29.4705,55.3585,2
29.2956,55.9306,2
29.1890,55.4596,2
29.0078,57.7828,2
29.5152,55.7839,2
29.6226,58.4468,2
29.8019,56.7702,2
29.2440,57.5841,2
28.8169,60.6228,2
29.2427,60.3823,2
29.9003,59.5627,2
29.2051,61.8131,2
29.5572,61.2991,2
29.1526,62.5170,2
29.4050,62.0871,2
29.0040,64.7466,2
29.4108,63.0490,2
29.2677,65.5272,2
29.4943,64.4985,2
29.1001,65.7220,2
29.2854,67.8427,2
29.0030,67.6816,2
29.5832,67.7789,2
29.3451,69.2384,2
29.1016,69.2563,2
29.6253,69.2211,2
29.0879,70.8377,3
29.3606,70.9268,3
29.4317,71.5990,3
29.5326,74.1711,3
29.5593,72.4028,3
29.0845,73.0466,3
29.1976,74.1463,3
29.1999,74.6441,3
29.1424,74.7632,3
30.8119,20.1494,3
31.1352,20.1279,3
30.4447,20.0031,3
30.5814,22.2230,3
31.0364,21.2626,3
30.7320,22.0524,3
30.1245,24.3711,3
30.8341,23.1502,3
30.5150,22.4991,3
30.2025,26.4757,3
30.4006,24.8581,3
30.5746,25.2978,3
30.3995,28.1407,3
30.2268,26.9072,3
30.5558,28.3133,3
30.8268,28.9840,3
30.7516,28.8947,3
30.9738,28.6324,3
30.8494,30.8869,3
31.0206,31.8228,3
30.2632,30.9876,3
30.7125,34.0653,3
30.4996,33.3094,3
30.7068,33.3747,3
30.1939,34.5627,3
30.5760,36.0840,3
30.9212,35.7571,3
30.5891,37.6306,3
30.3506,36.9540,3
30.3112,36.1324,3
30.6006,39.1047,3
30.6892,39.3751,3
30.5779,39.3830,3
30.5066,41.1717,3
30.3357,41.1393,3
30.6843,40.3598,3
30.5302,42.2909,3
30.3856,41.9149,3
30.8337,43.5579,3
30.6516,46.1343,3
30.4699,46.9290,3
30.4604,44.8466,3
30.4178,46.8310,3
30.7261,46.4663,3
30.9614,46.7311,3
30.5849,47.7665,3
30.6219,48.3478,3
30.3652,47.8659,3
31.1852,50.1472,3
30.1530,49.8212,3
30.5043,50.7548,3
30.6559,52.7488,3
30.3560,52.4967,3
30.2982,51.7766,3
30.2878,53.2466,3
30.7833,54.6544,3
30.7614,54.1674,3
30.7114,54.7135,3
30.7330,56.1673,3
30.6740,56.3195,3
30.2705,56.8075,3
30.3392,58.3547,3
30.6898,56.9051,3
30.2720,59.2852,3
30.4279,58.8060,3
30.1617,59.2112,3
30.5388,60.8387,3
30.4883,62.5181,3
30.1918,61.5693,3
30.7734,63.3070,3
30.3738,64.4933,3
30.4407,64.4491,3
30.6245,65.2601,3
30.6372,65.7576,3
30.7725,65.1060,3
30.5275,67.3677,3
30.6933,66.6449,3
30.7715,67.7635,3
30.1880,70.2165,3
31.0758,70.0617,3
30.8740,69.3744,3
30.1019,69.8238,3
30.5810,70.7629,3
30.2886,71.1598,3
30.6711,72.0139,3
30.4050,74.2359,3
30.2484,73.7558,3
30.3961,75.4093,3
30.7916,75.5560,3
30.7445,74.1363,3
32.0026,19.3605,3
31.7890,20.1937,3
31.8454,20.2527,3
31.5132,20.8842,3
31.9422,22.0359,3
32.0115,21.8630,3
31.3728,24.5177,3
31.6315,24.0496,3
31.5623,25.0263,3
31.5050,25.4366,3
31.7510,24.8705,3
31.8068,26.8986,3
31.6015,27.8826,3
31.0368,27.5570,3
31.6459,26.9723,3
31.9945,29.2381,3
31.6798,29.1999,3
31.2449,28.6338,3
31.9644,29.7968,3
31.5326,31.0795,3
32.1600,31.9558,3
31.5848,34.2542,3
31.5390,34.0327,3
31.3844,34.0808,3
31.6226,34.4010,3
31.6699,35.3804,3
31.6005,35.5879,3
31.5784,37.5342,3
31.8347,37.0233,3
31.6138,37.1826,3
31.8617,40.5119,3
31.9590,39.6975,3
32.4963,39.3525,3
31.8453,41.3901,3
31.4719,40.5291,3
31.5976,41.3478,3
31.6806,42.8623,3
31.9960,43.4060,3
31.6837,42.2561,3
32.0080,45.2356,3
31.3226,44.4203,3
31.7655,45.2393,3
31.9517,46.7647,3
31.8704,46.5998,3
31.5557,46.3558,3
31.7289,48.4223,3
31.2527,48.1502,3
31.7382,48.2372,3
31.6624,50.7108,3
31.4544,49.1238,3
31.6371,50.9179,3
32.1460,52.8280,3
31.3571,52.0671,3
31.7883,52.3746,3
31.8590,53.4501,3
31.7404,54.4532,3
31.9306,53.5336,3
31.6378,54.0066,3
31.5688,55.6412,3
31.4692,56.1587,3
31.7102,56.2366,3
31.7780,57.2348,3
31.8456,56.9696,3
31.7316,59.6152,3
31.7999,59.9211,3
31.6603,58.6754,3
31.3548,61.2862,3
31.7221,61.2680,3
31.8804,61.5147,3
31.4829,63.4121,3
31.7806,63.8644,3
32.1937,63.1190,3
31.7058,65.8368,3
31.7183,65.1418,3
31.3368,65.1341,3
31.4557,66.1188,3
31.5252,66.6285,3
31.8701,67.8646,3
31.4982,69.1152,3
31.2596,68.9396,3
31.8239,69.9290,3
31.5459,71.9958,3
31.3452,70.2712,3
31.9016,72.4602,3
31.8475,73.0732,3
31.1753,71.5866,3
31.7565,72.8349,3
31.4477,75.0491,3
31.7529,75.7083,3
31.7583,75.9213,3
32.9330,19.9135,3
33.1971,19.2662,3
33.6346,20.2814,3
33.0262,22.2904,3
33.4003,22.4909,3
32.5298,22.9492,3
32.8458,23.8735,3
32.6112,24.1878,3
32.7682,23.8682,3
32.8600,27.1334,3
33.4266,25.7245,3
32.9470,25.4096,3
33.2075,27.3395,3
32.8257,28.3202,3
32.7965,27.5579,3
32.5357,30.0109,3
33.4163,30.0237,3
33.2965,28.8482,3
32.9901,30.6719,3
32.8741,31.9585,3
32.9565,30.3198,3
32.6023,32.2400,3
33.0539,34.8238,3
33.2716,31.8539,3
33.2863,35.8747,3
32.5447,34.9450,3
33.2049,35.5852,3
32.6038,37.5270,3
32.3967,36.9018,3
33.2155,37.0828,3
32.8063,39.6325,3
33.1747,39.9480,3
33.1496,39.7765,3
33.1143,41.0612,3
32.9534,40.6841,3
32.6279,40.1456,3
32.8605,42.9397,3
33.2912,42.7273,3
33.1819,43.5681,3
32.8732,45.1012,3
32.8702,45.6468,3
33.0900,43.7623,3
32.9714,47.7878,3
32.8857,46.8875,3
33.0675,45.7743,3
33.0587,47.4029,3
32.7746,49.2551,3
33.0202,48.2199,3
33.0426,50.2998,3
32.9342,50.8374,3
32.7492,50.3751,3
32.8530,51.0522,3
32.7009,53.4175,3
33.0272,51.2487,3
32.5459,54.0538,3
33.3213,53.9979,3
33.2578,54.4019,3
33.0488,55.0327,3
33.1654,55.7833,3
33.1468,55.4239,3
32.9753,58.1950,3
32.8925,58.2344,3
32.8644,57.4442,3
33.3324,60.6143,3
32.7408,60.2539,3
32.7454,58.9391,3
33.1895,60.4461,3
33.1628,61.5346,3
32.8781,62.0315,3
33.0763,63.0009,3
33.1105,63.7057,3
32.6170,63.4933,3
33.2764,66.7747,3
33.1104,64.6245,3
33.0537,66.1554,3
33.1125,68.0025,3
33.0219,67.3595,3
32.7789,65.9903,3
33.0159,69.4499,3
33.0704,68.3072,3
33.0923,70.8513,3
32.9506,71.1606,3
33.0083,72.7311,3
32.6751,71.3593,3
32.7311,72.6932,3
32.9186,74.1139,3
33.3813,73.4396,3
32.8369,76.8696,3
32.8241,74.5716,3
32.4873,76.0471,3
34.3800,21.8134,3
33.7906,21.0936,3
34.1555,20.6046,3
33.7260,22.9976,3
34.3346,21.8674,3
34.2992,21.3224,3
33.9931,23.4455,3
33.6747,24.4394,3
34.4358,23.2671,3
34.2250,25.4905,3
34.2200,25.2190,3
33.9171,26.4787,3
34.1220,29.1028,3
34.1495,26.8916,3
34.4447,28.0593,3
34.3196,30.3757,3
33.9747,29.3873,3
34.0951,28.5147,3
34.0720,32.3816,3
34.1973,30.3698,3
33.7490,32.6279,3
34.1154,32.7903,3
34.0694,32.1679,3
34.4937,32.9811,3
34.4798,35.2112,3
34.4953,35.3649,3
34.3512,35.7117,3
34.2938,37.3299,3
34.0797,38.5055,3
33.9112,37.0722,3
34.1417,39.2673,3
34.0306,39.2016,3
34.0957,37.7791,3
34.1403,40.0366,3
33.7043,40.9647,3
34.2599,41.2571,3
34.2797,41.3092,3
33.7977,44.2388,3
33.8761,43.2168,3
33.9662,44.7149,3
33.9796,45.0763,3
34.1721,44.3190,3
33.8754,46.7526,3
33.8348,46.8723,3
34.7946,47.5644,3
34.3175,48.3841,3
33.6532,47.4566,3
34.4586,47.8560,3
33.9631,50.2206,3
33.8724,49.4248,3
34.1253,49.6762,3
33.9527,51.6555,3
34.2685,52.0673,3
34.0933,52.6891,3
34.1024,53.9292,3
34.2555,54.6391,3
34.1012,54.1984,3
33.9425,55.3890,3
34.3302,56.3682,3
34.2518,56.2451,3
34.1495,58.4533,3
34.3717,58.6145,3
34.1127,58.9713,3
34.1950,60.3019,3
34.2085,60.0128,3
33.9540,60.3536,3
34.8493,61.4430,3
34.1557,61.3895,3
34.0159,62.8825,3
33.9697,63.2651,3
33.7411,63.0525,3
33.7108,64.0945,3
34.8379,65.2422,3
33.7212,66.1922,3
33.9562,66.4918,3
34.0674,66.9399,3
34.0934,67.9821,3
34.0811,67.0413,3
34.0882,68.3565,3
34.2372,67.9703,3
34.0269,69.8799,3
34.2137,71.6496,3
34.1217,72.0842,3
34.3691,71.5415,3
34.3698,73.6663,3
34.0281,72.0955,3
34.2430,73.5130,3
34.4105,74.2978,3
33.9113,75.3449,3
34.1201,73.5857,3
35.4386,18.6107,3
35.1085,21.0138,3
35.8010,19.0883,3
35.2625,21.9285,3
35.7901,21.5269,3
35.2256,23.0581,3
35.2511,24.3348,3
34.9755,23.6647,3
34.9299,23.0015,3
35.5546,25.6522,3
35.2651,25.1281,3
35.2897,25.9155,3
35.5906,25.6173,3
35.1369,27.7055,3
35.3201,27.8887,3
35.4117,29.2541,3
35.2131,29.2986,3
35.6320,28.9338,3
35.3291,31.5168,3
35.7349,31.1541,3
35.5845,32.3033,3
35.3289,33.1178,3
35.2626,33.0840,3
35.5584,33.4491,3
35.4036,34.3285,3
35.1030,36.7800,3
35.3004,34.5913,3
35.7026,37.2803,3
35.4894,36.9654,3
35.2652,36.9418,3
34.9991,38.8996,3
35.4188,40.3534,3
35.3663,37.2149,3
35.3213,42.9167,3
35.5614,40.2539,3
35.4926,40.3056,3
35.0064,42.4973,3
35.3677,41.3545,3
35.0575,42.7664,3
35.2428,44.9513,3
35.0412,45.1908,3
35.0489,45.8872,3
34.9159,45.7323,3
35.4492,47.7999,3
35.4236,46.9739,3
35.3492,47.6785,3
35.2223,47.5393,3
35.0252,48.7496,3
35.0640,50.5845,3
35.0194,50.5671,3
35.2227,51.3998,3
35.4258,53.1682,3
35.1559,52.2835,3
35.0996,51.9312,3
35.2793,53.5935,3
35.0410,53.0778,3
34.7599,53.3457,3
35.5017,54.8356,3
35.0028,57.3777,3
35.1857,56.2753,3
35.5054,58.4279,3
34.9642,57.7577,3
34.9403,59.7658,3
34.9461,59.0417,3
35.0847,58.7051,3
35.6830,61.6444,3
35.2259,60.7338,3
34.7856,61.5411,3
35.2657,61.2357,3
35.4002,63.9171,3
35.4256,63.3836,3
35.0694,64.1201,3
35.3480,66.1835,3
35.5423,64.4509,3
34.9863,64.9506,3
35.0808,67.9802,3
35.4327,68.2382,3
35.4440,67.5703,3
35.6448,69.6626,3
35.3619,70.4207,3
35.3736,69.0821,3
35.1354,71.7342,3
35.6541,71.1690,3
35.6718,69.7294,3
35.3310,73.0734,3
35.1631,74.8913,3
35.3283,72.7977,3
35.3513,73.4979,3
35.1549,75.7374,3
35.1876,74.3783,3
36.8791,21.0052,3
36.6810,19.6587,3
36.4919,19.3969,3
36.3030,21.1132,3
36.3972,21.1205,3
36.1608,22.0611,3
36.6104,25.0687,3
36.3846,24.0152,3
36.6299,23.6027,3
36.7378,26.2711,3
36.6336,25.4979,3
36.4623,24.6638,3
36.3502,27.1197,3
36.2707,27.9161,3
36.8509,26.9052,3
36.6226,28.7072,3
36.4755,28.9650,3
36.7022,28.9737,3
36.8046,31.1950,3
36.3893,30.4393,3
36.6150,32.0507,3
36.6201,34.9550,3
36.9092,33.0452,3
36.4722,33.6281,3
36.3422,36.0471,3
36.6421,35.3648,3
36.7235,36.4645,3
36.5945,36.9842,3
36.9289,37.7946,3
36.4715,37.0729,3
36.6006,39.2369,3
36.2126,37.8087,3
36.3299,38.2420,3
36.3908,41.3381,3
36.5095,41.0094,3
36.2456,40.5158,3
36.6985,43.2048,3
36.3706,42.8799,3
37.1014,42.7454,3
36.3784,44.5248,3
36.5748,44.5418,3
36.5439,43.5726,3
36.3111,46.4397,3
36.5104,46.1271,3
36.5075,46.5975,3
36.7741,48.3739,3
36.6515,48.0421,3
36.6947,48.7301,3
36.7682,50.8799,3
36.6989,50.2710,3
36.6130,51.1425,3
36.3887,51.7701,3
36.5971,52.5528,3
36.3457,52.1853,3
36.5282,52.4765,3
36.4968,54.0199,3
36.5117,55.1999,3
36.2478,55.4160,3
35.8987,55.6738,3
36.4528,55.6520,3
36.8286,58.5765,3
36.5712,57.6531,3
36.8083,57.9162,3
36.3472,58.5404,3
36.4414,60.3936,3
37.1209,59.8738,3
36.3604,60.8354,3
36.6897,60.4007,3
36.6893,62.3374,3
36.6608,63.4559,3
36.6930,63.7489,3
36.3572,65.0085,3
36.4638,66.0991,3
35.9471,66.4746,3
36.9189,65.5396,3
36.6914,67.8327,3
36.3910,67.8241,3
36.3496,66.9572,3
36.8335,70.0413,3
36.3751,68.7602,3
36.3903,69.8598,3
36.3017,71.4744,3
36.7384,71.1407,3
36.8042,70.9787,3
36.4983,72.3705,3
36.8060,72.5286,3
36.6392,73.0500,3
36.2885,74.5432,3
36.8974,75.1512,3
36.2994,75.2290,3
37.7221,22.5905,3
37.8299,19.7145,3
38.1136,18.6192,3
37.7822,23.3924,3
37.7296,20.5966,3
37.6596,22.9874,3
37.8526,23.1640,3
37.5873,23.3733,3
37.8489,24.7968,3
38.0217,26.0317,3
37.4257,24.6937,3
37.8919,24.6806,3
37.7022,27.8143,3
37.4742,26.8180,3
37.7351,27.9639,3
38.0240,29.9380,3
37.7770,28.9231,3
37.4909,29.0996,3
37.8611,31.6318,3
37.2336,30.7901,3
38.0597,31.4387,3
37.4044,35.0427,3
37.7514,33.5641,3
37.8585,33.0002,3
37.5767,36.7637,3
38.0094,35.7889,3
37.9027,34.4199,3
38.0780,36.4366,3
37.8294,35.8394,3
37.2484,37.3077,3
37.5563,37.4736,3
37.8938,40.5556,3
38.1060,38.7725,3
37.7608,41.5278,3
38.0392,40.6044,3
37.7672,41.0875,3
37.8971,42.6588,3
37.7286,43.7935,3
38.0610,43.1167,3
38.1884,44.3653,3
38.1644,45.0621,3
38.5764,43.7608,3
37.5863,46.8658,3
37.8579,48.0143,3
37.5915,47.2304,3
38.0492,48.9768,3
37.5184,49.5041,3
38.0660,48.8980,3
37.8097,50.5144,3
37.7389,50.8254,3
37.7664,49.7084,3
37.4965,51.6774,3
37.8142,52.2212,3
37.8125,52.6170,3
37.6018,55.2372,3
37.6917,53.8129,3
37.8792,52.7605,3
37.5610,56.7703,3
37.3243,56.8727,3
38.1364,55.7574,3
37.8316,58.7704,3
37.6419,58.5819,3
37.5908,57.5728,3
37.5588,60.0846,3
38.0481,59.6895,3
37.4408,59.0156,3
37.8573,63.1072,3
37.8571,61.4340,3
37.9502,61.5445,3
37.6641,62.9018,3
38.1107,61.7163,3
37.9581,63.2729,3
37.6560,66.7865,3
37.5801,65.0072,3
37.7260,65.8276,3
37.6482,66.2334,3
37.5422,68.3748,3
37.7773,67.7521,3
37.6933,68.8157,3
38.1780,69.1692,3
37.6478,70.1325,3
37.5780,70.7608,3
37.7612,71.2071,3
37.8235,72.7757,3
37.8427,71.3199,3
37.8402,73.1319,3
37.7695,73.2879,3
37.7514,74.9605,3
37.9119,74.5934,3
37.5217,77.2678,3
38.7866,20.0751,3
38.5916,20.0874,3
38.7322,19.6681,3
39.2268,22.2506,3
39.1076,20.5681,3
39.4247,21.0026,3
39.3477,24.5593,3
39.1099,23.1519,3
39.0034,23.4399,3
38.9728,25.5023,3
38.4559,26.5310,3
38.9452,25.3261,3
38.8254,27.8551,3
38.7421,25.8948,3
39.0673,27.9755,3
38.9156,28.6218,3
38.9878,28.3844,3
38.7087,28.9197,3
39.1765,31.1074,3
38.8535,32.8453,3
39.0536,31.6336,3
38.8731,32.8286,3
38.4189,34.0024,3
39.0776,33.1415,3
38.9312,35.7245,3
38.5768,34.7300,3
38.6814,36.5010,3
39.1844,35.4169,3
38.5871,36.9697,3
38.8474,36.0757,3
39.4517,39.1999,3
39.0842,38.4465,3
39.1461,38.6802,3
38.8947,41.3203,3
38.5583,42.0598,3
39.0111,41.8228,3
38.6967,42.0662,3
38.6750,42.9463,3
38.9820,42.4103,3
38.7120,43.7052,3
38.9534,44.3060,3
38.7941,45.8155,3
38.9449,47.5043,3
38.8322,46.7353,3
38.9516,45.2785,3
39.3226,48.3469,3
39.1521,47.8843,3
38.9243,47.7981,3
39.2745,50.5784,3
39.0573,51.3635,3
39.2546,50.9188,3
38.6101,51.7196,3
38.7145,52.7870,3
39.0082,51.1985,3
38.9183,53.0173,3
38.9522,52.8964,3
39.0977,54.4214,3
39.4425,56.6704,3
38.8598,56.6480,3
38.6161,55.3126,3
39.0488,56.3123,3
38.9562,57.1658,3
38.9908,57.1227,3
39.0716,59.8421,3
39.3156,59.8326,3
38.7734,59.6424,3
38.6295,62.0287,3
39.1130,63.5760,3
38.8101,61.5233,3
38.8216,63.7798,3
39.0609,63.5807,3
39.2371,63.1580,3
39.2121,65.9211,3
38.9625,65.2810,3
39.5722,64.9045,3
39.0400,66.8511,3
39.4119,68.0789,3
38.7959,67.7982,3
39.0299,68.9229,3
39.1551,69.6023,3
39.0194,69.2789,3
39.0733,71.3789,3
38.9803,70.7261,3
39.3890,70.4191,3
39.0724,72.8633,3
39.4054,72.4258,3
38.7817,72.3761,3
39.0464,73.9702,3
38.8459,73.3857,3
39.0256,74.6248,3
39.8004,20.8142,3
39.8455,20.5977,3
39.9972,21.2012,3
40.3598,21.1405,3
39.9431,22.3507,3
40.1068,21.7695,3
40.4905,23.2316,3
40.1952,24.5091,3
40.3747,23.6734,3
40.1002,24.3855,3
39.9084,25.9284,3
40.1379,25.7458,3
40.4322,26.6957,3
40.1134,27.7277,3
39.9964,28.6598,3
40.3996,29.7004,3
40.6210,28.3586,3
40.1705,29.7575,3
39.9438,31.6048,3
39.8958,31.8972,3
40.4369,31.5836,3
39.7092,32.5508,3
40.3136,33.2918,3
39.4989,34.2080,3
40.2066,34.5581,3
40.4212,34.6643,3
40.0003,35.4412,3
40.6177,38.2867,3
40.2623,37.4158,3
40.3703,36.1262,3
40.3335,38.4150,3
40.2520,38.7949,3
40.2977,39.0541,3
39.4042,40.9962,3
40.3330,41.1965,3
40.1468,42.0937,3
40.2503,43.0869,3
40.4335,43.0306,3
39.9479,40.9299,3
40.0531,45.2259,3
40.0841,45.2561,3
40.2096,45.6212,3
40.0986,46.9024,3
40.2989,47.6779,3
39.7458,46.2079,3
40.3845,49.6077,3
40.2324,48.2287,3
40.3617,49.0998,3
40.0825,50.5926,3
40.4675,51.7627,3
40.3581,50.3779,3
40.1589,52.6594,3
40.1435,52.3836,3
39.9079,53.2142,3
39.8874,53.8138,3
40.1968,55.6312,3
40.0667,53.6384,3
40.0347,57.2787,3
39.4693,55.2824,3
40.8552,56.4776,3
39.8959,57.8996,3
40.1893,58.5656,3
40.6323,58.2224,3
40.0375,60.4179,3
39.9979,59.0526,3
39.7324,58.6537,3
39.9483,60.8408,3
40.2507,60.8246,3
39.3865,60.9412,3
40.0544,63.1666,3
40.5523,63.1605,3
40.3926,63.6065,3
40.1618,64.8907,3
40.1577,64.9434,3
40.2149,65.3401,3
39.9363,68.1577,3
40.2791,67.0777,3
40.2088,67.3509,3
39.9555,69.3632,3
40.0172,68.6016,3
39.7667,69.0414,3
40.3142,70.6859,3
40.8026,71.8712,3
40.4985,71.8033,3
40.6356,72.5132,3
39.5322,72.7689,3
40.3120,73.2171,3
40.2413,75.9907,3
40.2679,75.5992,3
39.9375,74.1785,3
41.7828,20.0757,3
41.2235,19.5340,3
41.2170,19.4683,3
41.0585,20.7712,3
41.3306,21.4519,3
41.6561,22.1164,3
41.4456,23.2358,3
41.3491,24.0639,3
41.5584,23.7227,3
41.6491,25.6956,3
41.5775,25.3223,3
40.9262,25.8909,3
41.5606,28.0177,3
41.4849,27.3248,3
41.1776,28.0000,3
41.4859,29.0621,3
41.6567,28.8206,3
41.2334,30.7101,3
41.5965,31.1108,3
41.4512,31.4954,3
40.6929,30.6995,3
41.3666,33.0084,3
41.4411,34.1230,3
41.2989,32.4826,3
41.4605,34.9274,3
41.3403,34.9536,3
41.9398,33.4919,3
41.2822,37.0662,3
41.1840,37.7438,3
41.5826,37.0331,3
41.3116,38.8815,3
41.3531,38.9067,3
41.3323,39.1549,3
41.5676,39.9394,3
41.1166,39.5507,3
41.5959,41.0498,3
41.5056,41.6865,3
41.8255,42.3020,3
41.4214,43.3994,3
41.1326,44.2454,3
41.4241,46.7983,3
41.4546,45.8599,3
41.6807,46.8277,3
41.1320,47.3465,3
41.0048,47.7524,3
41.4293,46.4606,3
41.2942,48.9387,3
41.3201,48.9845,3
41.1668,49.3653,3
41.3615,50.3685,3
41.2922,51.2653,3
41.1668,52.4763,3
41.3963,51.0738,3
41.0496,52.2503,3
41.8746,54.5724,3
40.9479,51.8051,3
41.5626,54.0658,3
41.6646,55.3739,3
41.4669,56.6691,3
41.2674,55.7149,3
41.3856,58.3380,3
41.3757,58.6615,3
41.2638,56.9347,3
41.8736,59.3741,3
41.2372,59.7782,3
41.3961,59.5376,3
41.3750,61.6943,3
41.4230,59.9560,3
41.8495,61.6137,3
41.5245,62.5871,3
41.2616,63.1165,3
41.7467,63.1813,3
41.5688,65.0294,3
41.2662,65.3331,3
41.7003,64.0999,3
41.0504,65.9533,3
41.1074,66.8051,3
40.9757,66.8632,3
40.8756,68.5469,3
41.6794,69.6130,3
41.4262,68.5583,3
40.9953,70.3525,3
41.3685,71.8580,3
41.6049,71.6799,3
41.1949,73.1219,3
41.2990,72.9526,3
41.8886,71.7820,3
41.3206,75.9088,3
41.0128,74.5172,3
41.2471,74.8325,3
42.1872,20.4465,3
42.7528,20.3813,3
42.3686,20.0649,3
42.3613,21.6471,3
43.1246,21.9683,3
42.2893,22.0318,3
42.2483,22.8938,3
42.3259,23.4599,3
42.8204,24.2269,3
42.7170,24.8655,3
42.4509,25.8937,3
42.4291,25.4809,3
42.6965,27.3246,3
42.6427,28.7808,3
42.5432,28.4707,3
42.7260,28.3823,3
42.3107,28.8576,3
42.3725,29.4150,3
42.7399,32.3207,3
42.6632,31.0451,3
42.0656,31.4323,3
42.5926,33.4131,3
43.1128,34.2063,3
42.7825,32.5543,3
42.4580,35.1013,3
42.3924,35.5478,3
42.6754,34.3562,3
42.8854,37.1457,3
42.1539,37.0305,3
42.6565,37.7986,3
42.5018,39.5865,3
42.6330,37.9792,3
42.2324,39.8074,3
42.8852,41.1043,3
42.9601,41.6545,3
42.7571,40.1786,3
43.0191,43.1608,3
42.4897,42.2574,3
42.6504,41.5053,3
42.7611,43.9400,3
42.6789,44.2640,3
42.5201,44.0875,3
42.5459,47.9688,3
42.9325,46.8176,3
42.5799,47.1849,3
42.8687,47.8259,3
42.5668,47.0818,3
42.8670,49.9970,3
42.6062,48.7511,3
42.7384,49.6668,3
42.4204,50.8148,3
42.6498,51.8753,3
42.4238,52.3358,3
42.4838,51.4095,3
42.5031,54.3926,3
42.5417,53.0778,3
42.8335,52.0838,3
42.4746,55.5693,3
42.6233,56.4557,3
42.8679,55.5002,3
42.7329,58.0779,3
42.1583,59.3564,3
42.2265,58.2457,3
42.6837,60.0343,3
42.4626,60.4480,3
42.1961,59.7782,3
42.4452,61.2162,3
42.6934,62.5322,3
42.5004,62.3097,3
42.5986,62.9511,3
42.5217,63.3961,3
42.4120,63.9421,3
42.6449,64.3243,3
42.1733,65.8358,3
42.3824,65.7438,3
42.7814,66.4606,3
42.2333,68.6696,3
42.6741,67.0994,3
42.3527,68.9275,3
42.2886,69.9729,3
42.3920,70.1305,3
42.4860,70.4244,3
42.4796,69.2388,3
42.5560,71.0793,3
42.7924,71.6887,3
42.8767,73.7189,3
42.8992,73.0639,3
42.8397,73.8966,3
42.7645,74.4216,3
42.1734,74.1569,3
43.7945,19.3818,3
43.8871,18.6438,3
43.2613,21.0293,3
44.0191,21.1096,3
43.7924,22.6612,3
43.8979,22.0077,3
44.0669,23.2451,3
43.8009,23.7797,3
43.7249,23.5007,3
43.8113,25.7155,3
43.5310,26.2910,3
43.5490,25.5260,3
43.7193,27.8548,3
43.2633,28.2544,3
43.6239,28.5012,3
43.6736,29.4461,3
44.2715,29.2748,3
44.1028,29.5120,3
43.8970,31.4318,3
44.0051,30.8652,3
43.5471,30.9004,3
43.8180,33.1102,3
43.9707,34.2544,3
43.5491,32.7254,3
43.4340,36.6952,3
43.8693,35.5323,3
43.4580,35.1715,3
43.9204,36.8794,3
44.0620,38.8028,3
43.5563,36.3024,3
43.5737,40.1702,3
44.0537,38.8639,3
43.8022,38.3531,3
44.0156,40.5771,3
43.7281,41.3187,3
43.7461,40.6858,3
43.7957,43.3551,3
44.2047,43.1977,3
43.9939,42.6087,3
43.6162,45.1457,3
43.8359,43.5882,3
43.7111,44.5930,3
43.6655,47.6630,3
43.9131,47.5816,3
43.8590,46.6128,3
43.5590,48.4572,3
43.7964,47.4229,3
43.6582,48.2058,3
43.8965,50.6908,3
43.6478,50.6965,3
43.7476,48.1926,3
43.6719,53.0506,3
43.3727,52.3259,3
44.1894,51.6709,3
43.7936,53.1599,3
44.1999,54.0754,3
43.8048,55.1537,3
43.9585,55.3778,3
43.6313,56.4057,3
43.6371,54.4465,3
43.7798,56.8209,3
44.1972,58.0636,3
43.5668,57.4071,3
43.3208,59.0030,3
44.0472,61.5014,3
43.9747,59.7586,3
43.6851,61.0068,3
44.3080,61.5826,3
44.3220,62.7693,3
43.3579,63.1212,3
43.6258,63.5608,3
43.7780,65.8679,3
43.5238,65.6890,3
43.9472,65.5161,3
43.8206,64.7336,3
43.8197,67.7973,3
43.8750,67.8414,3
44.1463,68.1165,3
43.8109,68.4315,3
43.6431,69.1456,3
43.8562,68.9516,3
43.5592,70.3158,3
43.3803,71.0307,3
43.4257,70.4565,3
43.6946,72.1015,3
43.8880,73.6586,3
43.6557,72.7757,3
43.9275,74.4645,3
43.5974,75.8974,3
44.0141,75.4512,3
45.2314,18.5170,3
45.3385,20.2940,3
45.2527,20.2904,3
45.0122,21.6901,3
45.0918,21.6627,3
45.2170,20.7067,3
44.8646,25.3267,3
44.8435,23.6141,3
44.7794,24.0450,3
44.8159,25.5504,3
45.2122,25.1656,3
45.1972,26.3063,3
45.2637,27.6916,3
45.8103,28.3771,3
45.0812,26.9293,3
44.9757,30.5525,3
45.4274,30.5915,3
45.1963,28.5410,3
45.1218,30.4483,3
44.6281,31.5587,3
45.1308,32.0568,3
45.1243,33.6746,3
44.7538,33.1971,3
44.6232,31.7733,3
45.1852,34.6076,3
45.2181,36.0037,3
44.8452,35.6151,3
44.8347,35.6846,3
45.0308,36.7158,3
44.8900,38.5505,3
44.6185,39.2527,3
44.7513,39.6467,3
45.0746,39.2500,3
44.7638,40.2879,3
45.2318,42.1902,3
45.1201,40.1890,3
45.0847,44.5792,3
45.0256,43.8550,3
44.8149,42.7271,3
45.1549,44.9532,3
44.8084,44.0480,3
45.2471,45.5488,3
45.3780,47.9047,3
45.0337,46.3183,3
45.3377,47.0865,3
44.7544,47.6730,3
45.1230,48.3153,3
44.9934,49.2527,3
45.1898,51.3422,3
44.5171,50.5349,3
45.1737,49.1999,3
44.8363,51.6110,3
45.0054,53.4623,3
45.5056,51.6307,3
45.1316,54.5570,3
45.0969,54.4372,3
45.0759,55.4036,3
45.2756,55.2394,3
45.1989,56.7038,3
45.0787,56.8831,3
45.0470,58.0814,3
45.0303,56.4174,3
44.9799,57.4298,3
44.7034,60.9031,3
45.1261,59.8052,3
44.8588,60.0497,3
45.2479,61.1039,3
44.9988,62.3752,3
44.5160,61.6810,3
44.8927,63.5203,3
44.8746,63.7239,3
45.4809,63.3777,3
45.0729,67.0133,3
44.8625,66.8783,3
45.0013,66.8537,3
45.1875,67.6441,3
44.9836,66.9458,3
45.0189,68.0868,3
44.9967,69.0729,3
44.9373,70.0547,3
45.3063,68.8100,3
44.8329,71.4914,3
45.3819,72.0664,3
44.6870,71.0088,3
44.7673,72.9028,3
45.4011,72.0365,3
44.5953,72.4820,3
45.0718,75.4656,3
45.1094,75.8818,3
44.5592,75.8913,3
28.1585,39.0714,2
39.3864,61.3691,3
20.4256,53.3673,2
22.9287,20.0579,1
43.6636,50.2296,3
30.9451,52.9940,3
29.2725,35.9526,2
44.0052,54.1918,3
33.4822,45.0136,3
20.0751,23.5392,1
22.2581,29.6854,1
33.1731,68.3452,3
20.5964,38.3085,1
33.4628,28.2099,3
42.5303,40.0116,3
13.5420,29.6076,1
42.6461,33.5916,3
33.1794,28.5891,3
16.7936,68.3581,2
15.1812,21.0313,1
27.5432,67.4500,2
21.4097,27.0489,1
44.3781,57.2206,3
39.7742,61.3676,3
34.4385,41.1510,3
21.3519,59.4327,2
35.0850,72.2824,3
29.9031,36.2042,2
27.1335,53.7543,2
24.9355,63.5123,2
30.4615,20.5190,3
29.9444,54.8482,2
42.0341,42.7547,3
30.1064,46.1249,3
28.6080,23.7017,2
41.4049,70.0727,3
29.1821,50.6106,2
12.0145,52.8873,2
25.0203,58.9974,2
11.6494,59.0988,2
20.0413,55.8438,2
31.9494,32.4763,3
25.4158,65.9598,2
31.1957,23.7806,3
25.5018,37.1474,2
32.4576,53.8010,3
10.3639,53.4233,2
35.7197,62.2802,3
12.0642,36.7012,1
24.7446,29.8874,1
24.7257,23.9121,1
13.9626,56.7782,2
19.1900,59.1273,2
11.6838,50.9487,2
23.7007,63.8334,2
37.4383,40.6558,3
31.7950,32.5152,3
30.3142,24.4696,3
25.2111,30.0500,2
40.9183,44.4695,3
30.6771,39.8210,3
20.1059,31.1606,1
41.9155,63.9706,3
14.6641,61.0699,2
24.6486,20.8468,1
28.4929,27.1526,2
17.3477,58.2823,2
19.0000,69.0538,2
33.0009,65.7756,3
31.5316,67.7867,3
22.6590,50.2027,2
28.0562,69.7085,2
15.7720,51.7933,2
36.4051,40.3527,3
40.3654,40.5158,3
16.0658,52.1227,2
24.7199,20.8355,1
12.4444,30.7402,1
36.9265,69.0622,3
29.0974,25.8061,2
28.7047,67.0583,2
36.2317,36.0104,3
14.3362,69.5375,2
39.8931,22.9543,3
38.8286,25.3467,3
12.2149,61.7230,2
28.7709,42.8001,2
41.6352,66.1617,3
12.0168,53.8848,2
37.0294,50.2770,3
44.4052,57.7326,3
13.6450,30.9064,1
38.9186,74.8216,3
13.4419,25.5181,1
36.7185,23.5395,3
12.3996,68.8849,2
38.0157,68.4860,3
32.7680,37.7395,3
41.7210,36.4298,3
19.6429,68.7520,2
33.8288,69.2620,3
15.4565,72.3763,3
31.4460,56.7419,3
41.9921,40.9414,3
35.1851,55.2187,3
37.5713,69.3319,3
33.8021,23.7202,3
16.4099,72.4688,3
43.9028,73.2077,3
11.2880,41.0346,1
36.5885,61.4087,3
13.0068,53.5219,2
15.0004,47.1265,1
18.3890,22.9239,1
12.8007,70.0991,3
36.0626,71.2503,3
26.4496,42.7311,2
22.5443,53.8969,2
22.3046,61.0450,2
38.0461,68.1715,3
18.4980,48.9862,1
17.8206,22.0656,1
34.7739,50.1940,3
35.3375,24.8193,3
44.8434,74.6892,3
26.2750,67.6332,2
18.5249,60.5661,2
40.7729,64.8066,3
38.4121,45.4665,3
38.6996,57.9888,3
14.6358,26.2801,1
37.0173,54.4005,3
28.1782,69.8994,2
33.0857,41.7881,3
24.4876,53.2884,2
36.6096,51.0394,3
27.8066,59.9795,2
34.6843,65.6691,3
12.1893,61.5224,2
27.9816,24.1081,2
33.7654,59.4097,3
28.3270,63.6589,2
20.5087,31.1049,1
22.2757,42.5528,1
34.3577,66.5036,3
35.2321,29.5693,3
22.8176,28.7128,1
34.0353,33.6495,3
28.3885,63.5506,2
33.4829,36.4106,3
21.6503,55.9350,2
29.2314,25.3016,2
40.5897,48.1937,3
26.5676,30.9142,2
23.1948,38.3054,1
19.4757,51.2074,2
26.1796,68.9059,2
42.9470,32.0710,3
13.5037,63.1936,2
44.8201,67.4980,3
10.8294,33.8195,1
11.5170,65.1429,2
30.3492,48.2545,3
29.4057,33.8848,2
31.0573,21.6867,3
32.6104,60.3939,3
33.5559,38.2665,3
38.9192,59.3549,3
14.4904,30.7329,1
32.2988,35.9179,3
14.1802,28.5233,1
15.7966,46.2785,1
31.2585,29.7021,3
34.9374,35.4557,3
20.9045,32.2924,1
37.4822,72.7898,3
27.2375,22.3117,2
19.1199,28.6928,1
39.4967,24.6670,3
43.8267,52.3683,3
28.1209,66.6043,2
10.9642,62.7434,2
14.0811,66.2428,2
28.5212,23.3621,2
39.1636,21.5023,3
14.8430,63.8803,2
26.2705,68.4764,2
32.2400,54.2941,3
20.2282,27.3524,1
43.6410,25.7639,3
28.5154,34.9913,2
19.2449,52.7022,2
37.9277,62.7449,3
40.4081,36.1096,3
26.3013,20.5134,2
36.1400,36.6289,3
29.6523,29.3115,2
38.6790,64.9500,3
40.7109,22.5265,3
44.7361,33.6279,3
20.8302,33.7135,1
19.3636,50.3964,2
18.3934,41.6574,1
32.9462,65.9814,3
34.2460,52.6878,3
15.1705,64.8864,2
11.3046,34.5305,1
11.9971,56.7086,2
22.8930,55.8627,2
22.1461,45.0657,1
26.0286,22.5069,2
25.0579,55.2585,2
29.1118,24.1406,2
33.3820,36.9874,3
10.5052,28.5578,1
27.4146,37.0721,2
34.3034,33.2359,3
37.0479,35.7562,3
31.7302,63.9569,3
23.4945,22.5743,1
28.7406,74.7475,3
43.9147,32.1562,3
36.4494,38.9724,3
15.6095,56.6253,2
27.5304,49.6577,2
38.9587,38.5099,3
33.3483,40.1405,3
11.4953,40.7908,1
43.2512,46.5794,3
13.7881,57.8305,2
43.7183,69.9370,3
30.0186,40.6954,3
30.3237,64.8762,3
40.1433,65.0364,3
25.9417,26.5372,2
29.9211,28.6036,2
12.1335,47.4267,1
32.9381,66.9781,3
37.3992,67.1482,3
36.6024,58.6782,3
10.3548,54.4356,2
14.2169,23.2267,1
15.4744,65.2811,2
36.0347,72.1825,3
44.2642,69.1306,3
14.6524,68.3111,2
39.3523,67.9097,3
15.3090,26.4235,1
42.3333,29.5605,3
22.9018,45.0792,1
14.3555,21.1349,1
44.7932,68.2161,3
41.9318,35.6510,3
17.7036,43.4227,1
25.8662,20.3080,2
37.2739,74.8167,3
28.5042,41.3542,2
23.7463,25.2842,1
19.3157,47.6173,1
25.1147,49.9769,2
39.7173,32.3883,3
10.9682,22.1024,1
14.6959,51.3766,2
38.2865,68.7743,3
32.2290,42.1729,3
15.4080,42.0780,1
21.6345,67.8514,2
27.0352,32.4408,2
20.1080,27.5059,1
42.1505,22.7690,3
10.4496,30.0644,1
38.3806,48.7907,3
31.9045,39.6752,3
12.4037,67.0887,2
16.7163,21.8183,1
30.0446,24.5809,3
13.3517,64.0207,2
27.2063,33.2830,2
22.2019,60.1083,2
12.3224,26.4064,1
31.5692,53.3834,3
44.0362,40.6002,3
12.2777,49.5646,1
32.3421,27.6782,3
29.3502,30.8772,2
39.5656,65.9339,3
25.0370,73.1709,3
44.2921,27.1088,3
22.8700,53.0177,2
12.9693,41.0461,1
19.1410,72.3628,3
24.4055,61.9469,2
23.5347,27.2497,1
40.2103,20.0229,3
11.9579,40.0411,1
34.0414,38.7937,3
12.3209,37.4812,1
18.5743,20.2981,1
28.7181,26.4155,2
20.0624,55.2654,2
35.3790,34.4901,3
21.5218,33.5800,1
43.4911,30.4786,3
16.4113,44.4769,1
16.6257,28.6190,1
13.3558,55.2094,2
31.4229,55.7590,3
37.0655,37.9497,3
42.1448,60.3263,3
38.1648,59.6529,3
22.5459,35.5668,1
24.7881,25.3367,1
25.7948,22.3728,2
10.1381,71.2324,3
34.1268,50.9016,3
21.9386,51.3796,2
41.2052,55.8809,3
31.0869,45.3112,3
22.0994,58.4201,2
44.3343,43.3617,3
23.7272,43.5462,1
24.8940,74.4844,3
34.7372,39.7551,3
23.0026,43.6938,1
11.2849,49.0299,1
38.3983,56.3312,3
16.9447,60.0419,2
35.1810,34.4397,3
31.8006,53.6022,3
39.3926,27.4840,3
16.8193,46.7283,1
11.5451,42.8577,1
37.5877,28.1793,3
26.0982,74.4373,3
27.7072,47.4078,2
29.5578,30.2302,2
15.1507,57.2545,2
23.8518,35.9449,1
11.0987,66.5328,2
11.1315,61.2491,2
23.3696,52.9278,2
18.6687,28.5470,1
28.6686,58.2590,2
16.8423,43.9997,1
25.5629,31.8789,2
29.7767,28.0265,2
27.8412,26.2387,2
26.9940,37.1379,2
25.8286,43.8562,2
41.7777,46.9465,3
38.6475,32.4109,3
22.3229,24.1299,1
24.7262,56.7785,2
39.3358,51.1253,3
32.4025,29.7497,3
11.3022,63.5428,2
15.8463,25.0143,1
42.8147,72.9937,3
31.5690,40.8251,3
39.1634,31.2596,3
25.0287,39.6360,2
41.9445,70.5878,3
32.7810,26.0907,3
26.8767,33.4931,2
40.9720,27.6122,3
11.9009,58.7436,2
25.8650,66.1101,2
12.6120,64.0592,2
11.3067,21.5438,1
26.1461,32.1710,2
30.7802,21.4199,3
11.2386,59.9932,2
17.3558,56.1029,2
36.2473,23.2632,3
36.9414,34.7632,3
23.6341,24.7652,1
39.3521,50.8401,3
27.6633,73.2705,3
21.7077,68.9929,2
35.1891,71.0690,3
41.7731,74.5066,3
14.6087,63.7809,2
38.1573,55.4405,3
19.7601,73.0832,3
17.1548,47.4766,1
28.2520,28.9006,2
35.2885,24.8877,3
34.2584,66.6739,3
22.2289,59.0181,2
15.4871,66.5272,2
43.3211,28.3982,3
34.2151,47.8207,3
28.6025,58.8569,2
27.1059,53.0180,2
18.0815,40.8179,1
40.2834,26.0446,3
30.9151,30.1358,3
39.6289,51.8474,3
24.1067,33.7404,1
25.2896,72.6687,3
27.8223,45.8219,2
36.1196,40.8476,3
24.9598,38.5321,1
15.2822,59.2595,2
40.5561,69.8076,3
40.8281,44.8481,3
19.9423,55.0858,2
43.4147,59.9878,3
27.3197,57.8845,2
37.0388,70.5598,3
36.7126,43.8255,3
19.5762,47.4935,1
21.4862,71.8521,3
27.7788,45.9631,2
22.1869,55.1674,2
28.2018,27.0977,2
40.4223,39.7457,3
25.1402,31.3117,2
29.3689,58.6130,2
40.8408,22.8384,3
44.0666,58.7100,3
19.9505,31.2461,1
20.3631,68.1649,2
20.1987,45.4552,1
34.7008,67.9594,3
33.0500,61.4210,3
16.0664,68.2574,2
19.6502,27.0608,1
44.1685,31.0902,3
14.7828,54.4311,2
21.1602,27.3342,1
31.0392,61.7442,3
37.7619,28.5532,3
29.4903,64.7523,2
15.6380,31.4225,1
10.0844,48.8549,1
16.8139,59.8333,2
43.6775,31.4816,3
32.7184,31.6509,3
10.6302,61.7205,2
25.1902,72.0733,3
28.7000,28.6616,2
25.7421,31.1590,2
40.7310,57.9997,3
21.9434,49.0301,1
33.4318,63.0572,3
12.8052,21.2385,1
14.0058,41.7248,1
26.3347,27.5054,2
24.3904,44.2893,1
13.8181,70.4163,3
30.9701,41.3695,3
27.7418,37.2809,2
39.9016,51.6258,3
27.3214,70.0987,3
39.3293,64.7041,3
17.8963,28.4218,1
34.1534,45.7753,3
33.9299,61.8345,3
20.3360,35.6558,1
27.1791,35.0452,2
33.3553,61.0702,3
26.5214,59.8090,2
27.8653,59.2079,2
17.8739,60.6364,2
35.0293,34.6633,3
29.4590,67.0421,2
18.7333,60.4789,2
43.3888,67.6433,3
24.0532,53.3964,2
44.7120,51.2641,3
14.0260,22.4987,1
37.6610,43.2996,3
18.6385,39.1220,1
36.5080,45.5886,3
40.3975,60.4209,3
44.0905,68.8677,3
18.9092,56.2483,2
10.7190,74.5109,3
19.1352,56.5637,2
39.7204,28.8256,3
39.6758,20.6735,3
25.4692,45.9621,2
23.0932,52.2512,2
42.0195,37.9844,3
30.2741,68.2604,3
37.0548,22.2403,3
42.9977,22.5656,3
30.6065,51.6444,3
37.5237,28.1644,3
16.2780,61.3659,2
15.2327,45.8195,1
35.6077,55.8183,3
17.3711,36.7178,1
43.9141,44.6769,3
11.5560,32.0772,1
21.9852,74.9719,3
20.5942,21.4518,1
27.9523,24.5983,2
19.5924,74.5811,3
34.6623,22.7867,3
25.7040,29.4401,2
14.3031,52.2886,2
27.6980,60.8577,2
41.2307,33.5675,3
42.3047,48.4895,3
19.0592,66.5182,2
11.2435,50.7730,2
35.2568,35.3988,3
40.2222,33.2157,3
39.3956,24.3200,3
15.5975,40.9542,1
39.8919,27.9522,3
40.6403,32.6352,3
25.8378,39.4004,2
14.1344,71.9370,3
25.3362,57.9682,2
30.1344,47.5944,3
31.5802,69.4088,3
34.4759,49.2864,3
32.5815,53.3517,3
25.1592,54.3620,2
25.5249,61.6688,2
43.9119,72.7926,3
38.7258,53.0967,3
36.2266,29.7927,3
26.7656,34.1518,2
10.1223,73.1706,3
40.2347,48.2534,3
18.8953,58.1136,2
25.2180,64.1842,2
44.9831,39.1995,3
18.5541,34.7060,1
13.2671,41.6725,1
10.6099,26.2918,1
19.5094,28.7925,1
35.6256,25.8083,3
40.3098,32.1613,3
13.8007,20.5559,1
35.0322,34.1139,3
27.8325,26.1389,2
44.4854,26.8962,3
24.4174,66.8407,2
18.5710,34.6834,1
38.2975,35.0337,3
10.1005,43.5353,1
10.4387,70.0386,3
32.4635,52.0658,3
17.0556,58.4970,2
33.7039,23.3255,3
40.8296,51.8677,3
37.7363,34.4603,3
14.2717,58.6347,2
37.7859,41.2318,3
10.8292,65.0040,2
17.2133,38.6468,1
31.9881,25.4975,3
12.5199,21.4137,1
42.0824,37.1260,3
33.1231,74.4079,3
33.4308,48.8802,3
28.2322,40.7304,2
30.9923,72.7335,3
37.5815,43.3325,3
21.6356,68.5942,2
14.7525,66.7272,2
18.9277,59.3596,2
38.2177,46.2348,3
16.7299,66.4622,2
22.8628,37.6374,1
27.8506,43.9297,2
33.9068,27.5459,3
25.2491,69.0436,2
11.2622,45.1536,1
33.1186,68.8241,3
30.7825,65.3466,3
17.7942,39.4045,1
42.9746,68.7286,3
29.5284,46.1519,2
25.7874,23.2334,2
41.2332,64.9982,3
25.9688,35.3692,2
22.0022,26.7738,1
35.2626,50.6168,3
18.1936,54.2653,2
44.2731,26.7317,3
26.0470,47.1787,2
15.8379,49.2369,1
31.2092,28.6539,3
15.4153,67.0992,2
20.8986,54.6683,2
31.9371,66.1544,3
35.8963,66.2317,3
31.8825,44.7201,3
23.7748,40.8466,1
24.6438,27.1120,1
24.8385,41.4195,1
11.2100,35.1322,1
36.3167,51.7870,3
38.2159,49.8478,3
39.8929,63.7837,3
13.4400,73.7354,3
10.5162,52.8261,2
37.7379,38.2542,3
30.9499,39.9167,3
12.1215,20.4654,1
13.3202,25.4125,1
31.3811,48.9226,3
25.9412,58.0557,2
10.5889,34.9041,1
37.2087,70.0487,3
25.3418,24.4816,2
37.9555,68.6844,3
24.4781,33.3845,1
11.5390,52.5096,2
41.8454,57.2838,3
21.1037,55.3589,2
39.1224,46.1707,3
38.6912,41.5550,3
22.1977,52.0644,2
26.2640,73.7412,3
28.0736,41.1845,2
23.8227,50.1367,2
22.4219,59.7599,2
23.3232,41.1279,1
31.5941,23.3466,3
32.9374,47.7735,3
25.8559,59.5589,2
36.5390,66.5443,3
23.1181,37.9871,1
35.0020,51.9993,3
32.1131,50.5538,3
37.0443,30.4522,3
29.4499,28.6956,2
24.2538,56.5197,2
27.2575,40.8775,2
40.9739,62.5054,3
28.4202,72.2529,3
24.8528,63.3440,2
15.8778,35.7186,1
21.8330,25.8201,1
27.5632,30.5743,2
32.1965,30.4551,3
14.3227,73.2998,3
33.0384,71.5048,3
27.1461,21.8371,2
30.1030,50.7081,3
10.5241,67.3683,2
31.6990,60.9580,3
27.2872,54.0121,2
19.0114,73.5567,3
24.0252,28.9280,1
11.9570,54.9895,2
44.4183,69.2687,3
34.5737,74.4829,3
35.2990,38.6588,3
31.0426,24.3872,3
17.7589,42.9647,1
17.0636,72.4426,3
44.8459,40.4015,3
34.8230,42.4274,3
14.8828,38.5310,1
18.1680,38.0443,1
17.5258,26.1790,1
17.6100,69.8166,2
12.9828,37.8616,1
28.4957,39.4982,2
28.1162,22.3881,2
32.6999,50.9913,3
33.8338,51.1992,3
25.3266,39.2578,2
17.9252,47.5037,1
10.9118,38.0532,1
33.7255,25.9794,3
12.2012,55.8698,2
23.9221,64.1004,2
42.8059,72.6372,3
24.8958,34.5380,1
31.3015,54.5506,3
31.7821,37.6978,3
12.2313,31.5503,1
15.4047,26.8145,1
42.4199,20.7616,3
31.0650,72.1111,3
22.6019,48.9904,1
34.3524,37.4443,3
26.7178,64.9407,2
36.0874,64.4647,3
44.5569,40.3680,3
36.1482,53.1532,3
33.3312,60.6931,3
36.2406,68.7160,3
22.2263,55.9415,2
19.8102,52.7013,2
36.2911,63.5051,3
24.7044,47.9796,1
21.6847,29.2970,1
19.1181,70.1675,3
20.8139,73.6118,3
18.4517,59.7689,2
30.0866,58.3279,3
32.5385,58.8712,3
41.6941,50.9908,3
12.3747,34.8954,1
34.7877,47.1741,3
29.1993,52.8119,2
23.3920,62.5643,2
35.3237,59.2865,3
35.0359,68.9697,3
30.8387,73.1890,3
14.1717,54.7577,2
35.0924,46.2471,3
20.0873,50.2521,2
22.7662,70.0018,3
22.4877,29.6639,1
30.1736,41.7796,3
13.3564,51.0663,2
28.8246,29.5258,2
30.9173,51.2047,3
37.0764,39.8863,3
18.7066,72.3171,3
29.6426,21.4927,2
38.7249,30.8217,3
37.5113,58.7839,3
43.9085,73.1069,3
19.6044,62.1547,2
21.0899,54.6059,2
30.9211,22.9999,3
10.1814,23.1770,1
14.4780,34.1709,1
41.7434,48.5248,3
37.8912,66.1071,3
35.7230,41.5262,3
40.2351,60.8127,3
36.0103,69.5866,3
30.9532,49.0716,3
41.1557,44.9954,3
38.4050,22.9615,3
10.0451,49.0561,1
12.5764,73.7099,3
10.1925,59.4982,2
18.5185,73.2154,3
23.3540,21.5006,1
10.9428,50.4355,2
44.5349,73.8875,3
21.8046,46.5487,1
13.5160,48.7197,1
30.9896,33.8084,3
31.4240,69.4831,3
10.0334,32.5914,1
17.3472,26.8137,1
15.8135,54.4252,2
13.5943,60.6192,2
41.0458,70.9623,3
33.1062,30.8568,3
12.9854,32.7614,1
43.6685,72.9290,3
23.3672,37.9185,1
27.8504,36.0428,2
44.2882,32.1672,3
22.9200,43.6154,1
14.3772,41.0554,1
39.9856,27.7199,3
30.4408,42.3650,3
15.9688,20.6785,1
19.5670,23.4006,1
23.1869,64.5615,2
35.1890,72.1061,3
24.9455,58.9291,2
33.2870,31.9375,3
20.6254,49.1406,1
37.8830,45.3997,3
17.9710,74.6406,3
14.0453,72.5739,3
38.3166,66.1391,3
37.8221,31.4494,3
32.1404,61.6212,3
36.0990,34.9361,3
16.3392,38.0468,1
26.7946,51.5579,2
39.2933,62.2969,3
33.6653,34.4919,3
26.7608,38.4490,2
18.2225,20.5635,1
21.8812,34.0864,1
30.0166,23.4266,3
19.4682,22.4623,1
32.4496,51.2504,3
21.8118,28.1034,1
43.5272,52.1416,3
33.7690,49.2242,3
38.2287,69.3009,3
23.3949,57.9514,2
18.0461,55.8520,2
23.9704,20.3730,1
43.4435,67.7643,3
20.1793,74.8767,3
21.0995,45.2364,1
39.7941,36.7528,3
25.7689,56.6073,2
14.5664,43.2293,1
20.8293,57.2226,2
14.7589,32.8002,1
34.8982,28.5923,3
24.7707,59.2084,2
36.7914,25.2185,3
39.8198,59.8185,3
21.8753,62.0092,2
35.4905,53.0490,3
29.5468,60.4087,2
44.9741,51.8204,3
38.3051,60.9351,3
39.9533,72.4989,3
16.7579,29.1003,1
30.5223,44.7112,3
29.9753,63.8923,2
42.6100,42.9579,3
35.1276,30.8240,3
28.7093,21.1993,2
27.6313,49.9935,2
35.7406,55.7217,3
22.5439,20.3152,1
14.0420,73.5183,3
42.2817,37.8801,3
19.0599,44.0029,1
34.1479,39.6255,3
12.3553,42.1537,1
19.1206,37.8712,1
15.7035,56.2362,2
28.4321,34.8975,2
29.3852,47.0989,2
37.8591,72.5791,3
14.5735,68.6152,2
34.6679,58.0904,3
23.1005,38.9150,1
10.1974,74.0213,3
31.2277,42.1281,3
29.0319,22.2290,2
16.0778,54.2848,2
27.9992,63.2891,2
33.0560,53.0790,3
38.5343,23.7545,3
34.1810,59.3575,3
19.6307,30.7607,1
17.4848,30.8977,1
28.3324,27.4594,2
33.0750,25.7793,3
10.9411,37.5610,1
16.7151,74.3764,3
20.6049,32.2135,1
16.8869,40.5619,1
31.2047,63.0070,3
22.7602,54.4284,2
26.8721,66.5572,2
29.9165,35.9440,2
34.6256,65.1035,3
26.2904,74.2958,3
40.7684,30.8325,3
37.5365,53.0523,3
28.7184,48.2666,2
39.8694,53.5980,3
28.8197,22.6873,2
25.6906,69.9423,2
34.9108,22.8025,3
40.9397,65.4667,3
29.1339,21.2323,2
29.6850,23.0024,2
21.2133,54.5900,2
41.9520,39.6788,3
40.1008,70.5099,3
10.7365,33.1685,1
34.8452,61.6264,3
23.7346,56.1215,2
31.4256,60.6876,3
35.1530,24.7229,3
15.5388,27.3000,1
42.6368,70.2448,3
37.9094,26.4195,3
30.0995,30.2977,3
22.8934,34.6900,1
39.0126,27.9448,3
32.6163,74.1142,3
34.0469,24.3578,3
41.7747,55.3694,3
25.9709,56.2831,2
40.7666,46.2420,3
28.5963,44.8846,2
12.5407,63.2889,2
14.4244,41.7014,1
23.5388,35.4022,1
24.0877,53.9905,2
20.8986,29.4882,1
40.4279,73.3958,3
26.0504,37.9861,2
11.6619,22.0268,1
23.7509,71.1633,3
35.5748,39.2098,3
43.8816,43.5817,3
19.6877,43.4494,1
17.4040,68.7101,2
22.6411,56.1883,2
23.6167,69.5952,2
32.4833,46.8539,3
14.6250,69.6054,2
29.1386,35.6779,2
40.7274,22.9942,3
20.9927,49.5256,1
21.8935,46.2204,1
19.2511,27.1546,1
11.2899,28.6706,1
43.3531,51.6472,3
27.1136,41.1378,2
34.7947,27.7693,3
19.6645,56.0746,2
26.7673,62.3551,2
41.3988,65.2855,3
16.4473,25.0309,1
15.9304,63.0942,2
41.9841,70.8997,3
20.4376,66.2188,2
28.7682,65.2536,2
29.1928,28.0241,2
12.7727,72.6471,3
24.9031,39.2786,1
22.4706,40.8414,1
43.0749,23.4488,3
14.1671,63.4308,2
29.2293,27.0695,2
11.2061,32.3329,1
19.1284,20.7817,1
17.5632,60.6075,2
39.9402,69.4030,3
23.6470,37.5678,1
44.9951,62.3137,3
28.8073,34.0124,2
21.2457,48.3450,1
28.9729,20.7523,2
43.5790,51.6583,3
30.6205,31.6309,3
36.7746,60.5495,3
13.3305,52.7247,2
33.0368,65.9563,3
17.2132,68.2699,2
26.1518,25.3088,2
13.6967,30.8792,1
19.8963,47.3023,1
36.2063,30.2699,3
44.7428,28.8837,3
30.9782,71.0917,3
39.1378,55.6339,3
35.0423,27.3813,3
10.3382,43.8782,1
13.1332,39.6764,1
17.8310,70.3991,3
40.8020,65.0419,3
34.9880,28.4740,3
11.6929,55.9638,2
32.4790,40.3183,3
26.5440,46.9032,2
18.3975,37.2792,1
24.6436,53.1748,2
43.4537,49.6167,3
35.5907,64.3851,3
13.9728,55.9219,2
26.8739,51.4837,2
11.3446,69.8419,2
43.3474,20.1915,3
17.4477,29.9107,1
37.3457,52.8944,3
16.2067,64.7684,2
22.3716,45.3471,1
23.5557,48.6759,1
26.8050,35.1021,2
24.8595,69.9585,2
27.6013,70.4013,3
29.2544,62.2850,2
20.2757,63.4727,2
19.2513,21.0752,1
15.6255,21.1909,1
43.1472,74.9987,3
36.6781,25.9470,3
41.4631,60.9077,3
21.6286,47.6253,1
33.1616,21.3228,3
27.5539,60.2817,2
16.5879,44.4085,1
28.6386,60.4561,2
43.7559,66.6552,3
31.7531,52.1002,3
31.1115,49.9848,3
12.0777,58.4063,2
35.0718,48.1864,3
40.4636,56.9840,3
22.6933,21.0832,1
12.0707,39.3489,1
26.1737,29.1779,2
16.6265,32.6616,1
37.3180,62.4208,3
23.4029,29.4800,1
13.8818,24.7921,1
23.6948,22.5048,1
21.6772,72.8843,3
27.7627,65.2455,2
14.5243,34.7443,1
43.1291,41.0954,3
32.6942,73.6870,3
29.2776,36.7940,2
28.6182,23.0050,2
13.9329,20.3944,1
40.9473,56.9204,3
20.4415,32.1639,1
33.9077,70.5743,3
20.4699,37.6858,1
39.8984,69.1357,3
41.9913,36.1235,3
14.2109,44.1999,1
20.3518,68.6127,2
11.2822,54.8634,2
41.7163,73.7169,3
32.7546,72.2458,3
12.6481,39.7603,1
10.3050,73.9651,3
41.5954,21.5429,3
10.6346,40.1833,1
19.0488,66.5813,2
15.6170,63.4857,2
29.4061,40.7565,2
15.1002,74.8730,3
31.6295,44.1660,3
22.9895,69.8151,2
38.7417,64.6152,3
31.5669,68.8376,3
20.4747,58.7038,2
24.1557,52.9999,2
44.9354,74.1489,3
27.9417,51.5625,2
41.4063,74.2100,3
37.2513,23.5851,3
21.2924,69.3109,2
36.8923,60.8228,3
33.3773,42.8395,3
24.1134,64.4913,2
20.2823,57.6658,2
35.4173,66.4506,3
21.1960,60.8039,2
13.7271,27.5934,1
24.6068,23.0374,1
43.1694,69.6043,3
11.7127,66.1071,2
27.8106,58.6080,2
41.0426,51.7336,3
14.0714,20.1418,1
27.3923,72.2078,3
30.0418,40.5117,3
11.0823,70.3239,3
21.4505,58.7628,2
34.2983,33.9636,3
12.2322,41.1750,1
21.0996,58.5141,2
38.6924,32.2345,3
28.4881,22.2335,2
17.4990,61.8969,2
37.7689,62.7022,3
14.9836,50.3069,2
24.7948,74.5317,3
32.8924,71.4361,3
15.0873,44.7980,1
37.0063,40.2322,3
32.1378,48.1436,3
44.7175,29.5630,3
42.7372,42.0864,3
26.3798,49.0731,2
19.2878,73.0012,3
41.9021,73.5098,3
44.8922,56.8390,3
25.8090,66.7904,2
10.8332,65.8922,2
27.4050,57.0271,2
23.0916,40.2743,1
11.1101,43.3084,1
24.2924,32.3635,1
18.6563,52.1277,2
21.1220,65.6639,2
13.8985,51.7705,2
15.6016,49.0532,1
29.3391,55.3264,2
24.9599,48.0211,1
16.3333,45.4658,1
23.0561,56.6372,2
25.2188,62.8638,2
24.9097,32.9674,1
19.5791,22.4907,1
28.8972,65.6984,2
36.9189,44.0784,3
16.8642,67.4916,2
11.9873,41.9572,1
39.9815,41.6247,3
14.1256,34.6272,1
31.0010,28.3620,3
32.9227,44.0989,3
21.7036,33.2509,1
38.8166,41.8171,3
35.8468,44.2195,3
13.2154,44.2278,1
27.7691,45.1813,2
38.5685,70.0968,3
37.5373,52.0530,3
28.9507,55.4539,2
20.0741,64.6516,2
39.9897,34.6969,3
41.5986,66.6803,3
24.8570,69.9950,2
14.2154,21.5393,1
22.1753,51.0990,2
22.3005,71.8137,3
18.9149,35.4667,1
32.2190,20.2125,3
35.4645,40.7608,3
44.2212,58.0280,3
11.8275,25.0945,1
13.0859,72.3942,3
33.9418,43.5183,3
17.0169,68.0502,2
17.0545,58.8674,2
36.7164,36.2061,3
27.6720,32.2644,2
23.2625,73.0824,3
34.2598,66.5638,3
28.9210,33.1472,2
34.9508,47.5312,3
16.1897,42.6836,1
32.2194,60.4433,3
18.5127,68.1799,2
23.2843,34.9125,1
16.8292,64.2294,2
22.3958,46.5869,1
17.7987,57.7350,2
37.3362,38.6684,3
43.0778,21.6836,3
14.6530,52.3833,2
34.5492,33.7876,3
29.3925,37.5112,2
29.3931,56.2630,2
44.0483,45.0633,3
32.6876,51.7922,3
21.1144,33.9185,1
44.5755,31.3769,3
37.6596,28.0623,3
38.1523,30.2151,3
43.8505,57.7293,3
13.1541,58.1247,2
31.1267,38.5650,3
19.1258,59.5318,2
35.9476,37.9963,3
40.6679,34.7855,3
12.4453,52.9927,2
13.7475,35.2165,1
27.7515,35.7498,2
17.5249,58.6752,2
29.1450,66.1869,2
30.3434,46.5896,3
19.1440,63.5636,2
16.8905,33.3226,1
39.4556,60.7656,3
31.4506,22.1406,3
14.4540,47.4977,1
36.1219,45.5255,3
10.6053,30.1348,1
30.6068,58.1819,3
11.1700,22.3832,1
19.1459,24.5926,1
28.9681,26.8036,2
32.6877,62.7474,3
43.9681,72.1624,3
19.5678,21.6175,1
21.5294,58.9664,2
12.0930,39.7842,1
20.4312,32.0640,1
34.7146,56.2503,3
28.7423,70.0926,3
13.6099,28.2329,1
23.4207,56.0735,2
30.4428,24.0723,3
43.5449,36.7786,3
22.5640,54.2996,2
43.0808,56.4479,3
43.4171,30.3175,3
31.6583,65.5883,3
27.8159,39.9196,2
44.4665,27.7543,3
24.3825,68.0356,2
41.5168,73.9210,3
40.9697,22.8026,3
42.5418,43.5492,3
32.8067,41.6852,3
38.4784,51.6756,3
39.5941,30.6574,3
16.4744,44.2207,1
10.1663,58.1069,2
20.3619,50.6515,2
12.4501,29.3854,1
31.8001,36.8114,3
17.5153,32.5866,1
17.5187,54.2568,2
15.8692,39.9488,1
34.0760,48.2519,3
30.9048,33.7999,3
42.6450,42.7634,3
20.0437,69.7379,2
32.9351,53.7670,3
41.0357,23.2197,3
39.3188,57.2825,3
22.5997,34.0993,1
13.6682,71.7591,3
14.9669,34.2691,1
34.1888,59.0584,3
15.6269,64.7772,2
27.8601,66.6651,2
13.0550,22.3556,1
32.2947,28.2513,3
28.3732,20.7760,2
37.2975,69.4742,3
39.3609,72.7094,3
41.6084,44.4210,3
23.9422,69.2901,2
42.4429,73.5060,3
36.8911,31.1094,3
43.0734,72.0928,3
33.3146,67.1504,3
29.6412,71.9270,3
13.2878,67.5180,2
11.9426,38.6509,1
14.7364,46.3524,1
18.1286,72.3640,3
29.5762,69.3752,2
19.7320,21.4288,1
37.1479,58.6308,3
29.0922,64.8438,2
39.4030,52.3347,3
43.8075,59.5842,3
33.6906,39.8782,3
10.0791,33.2518,1
36.7372,59.0429,3
21.5858,54.4071,2
16.8351,34.4995,1
43.1593,42.7249,3
18.5746,46.7910,1
23.5456,60.1241,2
43.6741,52.5456,3
30.6902,40.0659,3
29.7621,37.5631,2
10.0382,67.6353,2
25.0305,47.0649,2
12.9225,66.0411,2
15.9618,42.5842,1
39.4093,45.1781,3
42.5903,31.5123,3
35.0331,73.7899,3
29.2365,58.0701,2
23.7629,61.3236,2
41.8106,58.6681,3
42.7575,52.3759,3
30.1998,36.7545,3
34.8370,68.5074,3
32.6211,32.8172,3
29.0438,61.5766,2
42.8777,28.6128,3
14.4624,42.7119,1
14.3964,73.9236,3
24.8507,49.3486,1
17.9481,44.7019,1
44.4643,46.8778,3
10.3088,33.3390,1
44.2459,74.3987,3
17.3673,53.8395,2
12.6918,51.7593,2
14.4072,65.0264,2
42.8851,29.5143,3
26.1949,25.6124,2
21.8699,23.5804,1
19.2591,74.4623,3
11.5611,67.2433,2
12.7108,49.0948,1
25.8242,71.2355,3
16.9667,29.8825,1
36.2050,59.9146,3
34.4714,21.4370,3
19.0986,66.1942,2
31.0300,53.1207,3
20.3571,34.3095,1
43.1294,60.0265,3
14.4403,71.5739,3
30.3830,38.3349,3
23.8999,59.8972,2
23.1695,51.8310,2
34.8675,30.7456,3
43.0485,39.5895,3
24.6781,58.4183,2
31.3075,44.2066,3
32.7410,69.6556,3
38.0099,65.3342,3
19.0443,43.0672,1
29.3837,22.4305,2
36.9427,37.7905,3
19.8909,34.2611,1
19.9183,38.5908,1
31.1689,52.0961,3
18.9499,31.3533,1
38.9225,25.0998,3
27.9488,48.6308,2
30.0948,68.7108,3
31.8370,73.5499,3
40.4974,31.8107,3
18.4414,38.9626,1
23.7030,50.4147,2
18.1379,32.2290,1
23.3486,56.9613,2
34.0844,73.6864,3
17.0845,41.6073,1
43.7637,57.9505,3
30.7297,49.6805,3
12.6429,69.1356,2
31.8927,51.4417,3
28.8825,41.5553,2
18.9133,61.5427,2
27.8349,21.8667,2
23.9683,71.0732,3
23.0863,42.7278,1
31.8386,64.0921,3
33.3961,66.7530,3
13.9890,70.8526,3
41.6373,48.5532,3
31.8660,31.7047,3
25.6782,31.1487,2
10.7692,73.9497,3
19.0701,52.6210,2
20.5088,40.3842,1
23.9217,38.4276,1
32.3090,72.8515,3
25.0022,73.5330,3
33.3729,53.3925,3
18.2986,23.4606,1
39.8177,51.5690,3
24.5045,64.6582,2
20.8703,63.0989,2
21.4787,70.6485,3
19.3788,27.5655,1
34.4334,28.9566,3
43.2277,56.0555,3
18.0801,31.4850,1
42.3356,53.4322,3
41.2808,26.0624,3
42.3887,48.6027,3
33.3948,40.5082,3
12.0699,72.6885,3
44.8109,40.0501,3
43.0354,29.2249,3
15.4140,24.0212,1
23.6944,22.8766,1
23.8130,27.6115,1
35.5685,65.8349,3
34.0735,31.0272,3
36.8397,33.7225,3
36.5821,51.2069,3
22.8349,24.5921,1
38.9628,71.6809,3
33.3071,73.0498,3
42.6939,30.7035,3
35.5924,39.2118,3
27.0631,28.6331,2
44.1173,59.9376,3
19.3418,40.4309,1
24.7869,61.1144,2
42.3994,37.6792,3
26.5375,52.6264,2
23.7670,47.7300,1
13.6998,29.2221,1
24.0385,70.3216,3
22.2275,33.7386,1
36.0002,72.2022,3
26.0693,20.4733,2
34.0852,42.8283,3
33.5776,35.2744,3
10.0843,38.9473,1
34.6677,41.6212,3
17.6711,45.5204,1
36.3322,26.5688,3
34.2113,56.7039,3
22.9758,73.3685,3
41.3147,37.3889,3
11.0882,36.9568,1
17.1653,50.0989,2
42.1561,67.8686,3
20.7040,43.5729,1
11.2790,49.9290,1
12.2179,71.6233,3
40.3427,31.7803,3
34.4779,51.2411,3
38.0475,46.1609,3
16.7120,55.1914,2
12.8098,52.1523,2
17.4447,57.6715,2
38.9815,26.0239,3
24.0094,60.3437,2
15.7296,51.1588,2
33.5144,39.5136,3
39.1194,48.0862,3
31.9448,27.7480,3
10.8106,22.7912,1
41.6372,68.5453,3
38.2657,30.9787,3
28.3911,63.7864,2
33.6134,26.3537,3
41.3439,28.8375,3
16.0128,69.5555,2
26.9616,40.5091,2
29.3780,73.9769,3
14.1871,61.6322,2
21.7014,26.4377,1
24.7677,50.1814,2
17.2087,42.2898,1
32.2487,51.7046,3
35.3106,66.0023,3
24.3199,43.2632,1
27.3842,51.1494,2
13.7913,37.1949,1
16.0162,41.2219,1
44.0674,52.0502,3
25.0284,51.1265,2
33.4177,43.9224,3
25.6698,58.5771,2
12.1302,49.7044,1
29.1565,61.6214,2
44.3926,63.7665,3
27.6326,29.3199,2
30.5891,65.8864,3
42.6345,65.3921,3
16.6139,59.1917,2
40.8054,57.4559,3
34.0013,47.5089,3
32.2942,36.1909,3
13.1084,65.5243,2
43.0101,67.1252,3
21.6870,25.1442,1
19.8048,66.3559,2
32.9535,73.1682,3
21.9938,50.3310,2
37.6513,32.8696,3
43.7431,52.5819,3
10.2764,21.3834,1
40.8776,55.4905,3
36.7075,63.1209,3
24.7161,63.9236,2
42.8136,29.4694,3
36.7448,36.9286,3
21.2523,42.7015,1
40.2302,21.2131,3
25.1874,57.4026,2
13.8645,63.5739,2
42.9666,25.0014,3
15.3532,73.5753,3
16.9249,24.3417,1
43.3267,69.0942,3
32.9504,50.3287,3
42.1731,56.0536,3
33.0439,66.4027,3
32.8636,47.7022,3
23.6403,47.6724,1
28.2868,39.8458,2
25.6841,64.1030,2
24.5780,21.4058,1
19.9057,32.7458,1
37.7754,44.7111,3
19.8109,64.5888,2
10.6726,29.5838,1
38.9434,50.2858,3
37.0777,66.0997,3
42.9687,23.4884,3
37.9732,58.9821,3
17.2459,71.2436,3
24.1471,68.8186,2
31.1790,48.9711,3
15.5833,70.2880,3
29.4832,20.3351,2
10.6400,62.7698,2
15.6678,52.9306,2
33.8379,35.3651,3
29.9260,33.2142,2
43.1210,67.3094,3
20.0815,49.0848,1
27.5222,72.8013,3
23.7910,50.9225,2
42.5047,28.9546,3
29.2670,25.8120,2
31.6125,40.1126,3
43.8673,42.8475,3
14.7666,65.8700,2
38.7303,58.2173,3
36.2084,34.5593,3
32.4719,22.0911,3
16.8912,71.2754,3
35.8732,32.6870,3
13.8984,72.1906,3
13.9266,34.1389,1
16.3922,20.4105,1
20.9947,73.5798,3
21.9666,47.7368,1
36.1078,50.3094,3
36.0257,56.3900,3
31.2997,55.7307,3
37.9708,59.0605,3
37.7121,28.0079,3
33.7186,60.5362,3
20.4988,68.1018,2
20.6649,33.4108,1
40.3484,33.5861,3
24.5426,40.2358,1
41.4322,45.0380,3
34.3008,63.6721,3
31.9766,71.9032,3
38.0878,42.0114,3
43.2784,48.8516,3
10.7902,34.3007,1
31.7605,28.6248,3
30.4424,39.8879,3
28.7035,20.1031,2
39.6947,39.9059,3
14.9055,44.0854,1
27.0162,55.0571,2
28.3597,22.3938,2
40.5029,45.1080,3
12.6946,62.5056,2
33.1054,55.7191,3
24.9420,42.5773,1
28.7719,22.7827,2
20.4635,74.3342,3
33.1767,43.0414,3
17.7827,60.9865,2
19.1102,28.9304,1
15.4080,60.1095,2
32.4984,23.8393,3
14.0265,54.8616,2
29.9891,57.7299,2
16.2314,59.9623,2
42.7634,53.0578,3
16.8646,57.3749,2
22.0079,22.7108,1
20.5819,69.8072,2
24.3899,67.5566,2
27.8031,48.4338,2
10.1826,55.0407,2
13.7735,46.3312,1
19.1111,41.5811,1
28.7977,20.7955,2
19.9604,74.4287,3
12.0090,37.5666,1
21.2498,40.8662,1
33.9673,33.6259,3
26.1094,55.4675,2
21.2813,72.1825,3
44.2885,26.5820,3
22.0337,31.4385,1
16.5376,47.0039,1
29.7339,43.4109,2
19.5394,35.3242,1
44.7245,70.8023,3
12.6565,56.1103,2
25.9907,57.8848,2
30.8936,68.9089,3
12.3446,39.2279,1
44.4923,30.0257,3
14.4567,60.0935,2
37.2102,56.9750,3
37.1669,58.1547,3
14.7520,53.4522,2
37.1907,67.6034,3
18.6182,27.0087,1
37.3382,34.1102,3
11.1175,65.3867,2
27.7097,37.9648,2
10.4000,21.9430,1
37.7418,46.9338,3
15.2403,39.7178,1
15.7857,26.2085,1
19.6708,50.2230,2
17.3502,38.9019,1
26.7276,43.1016,2
14.5020,22.1376,1
11.2411,39.2598,1
35.1581,27.2190,3
37.5443,59.3621,3
10.1380,21.4711,1
16.8262,23.0867,1
28.5970,22.1795,2
38.0926,47.1129,3
35.4784,61.2886,3
27.7367,70.8950,3
44.6584,39.7568,3
14.4052,39.9781,1
17.8174,49.2053,1
23.2436,46.4247,1
36.7116,35.0712,3
28.8116,38.4339,2
37.4736,55.1745,3
10.2977,56.3028,2
15.9557,59.8461,2
29.8569,42.0815,2
34.2923,67.1126,3
37.2560,49.9959,3
35.2943,42.7653,3
37.6159,65.5979,3
14.8053,33.0917,1
19.4496,29.1345,1
23.7387,30.6168,1
30.8439,25.5889,3
19.4472,56.6036,2
23.9491,43.1805,1
37.9274,74.1481,3
29.7774,24.3487,2
13.6016,73.2675,3
33.7732,61.3858,3
33.6517,29.8790,3
25.6927,63.8944,2
40.3227,33.0535,3
30.8587,28.6406,3
43.5397,33.8712,3
35.4322,32.7112,3
31.5619,56.2595,3
21.4950,65.0359,2
40.9880,67.0288,3
21.5779,60.9387,2
29.5822,52.5946,2
26.7099,53.0144,2
14.7479,42.4866,1
16.2185,35.4058,1
14.4735,31.6873,1
37.3675,50.2410,3
10.8275,63.3688,2
41.8314,68.4236,3
38.8056,74.5719,3
30.5241,72.9423,3
43.2095,37.2281,3
40.2202,63.5860,3
37.1530,69.2954,3
23.4466,42.0030,1
32.4018,60.5793,3
40.7908,68.1715,3
35.2469,72.6291,3
16.2520,72.2687,3
12.2467,50.5592,2
13.1569,51.2401,2
23.6538,24.4885,1
32.6841,60.2159,3
16.0965,58.1940,2
16.2667,27.5568,1
15.1577,52.9493,2
37.2577,52.8292,3
38.3273,52.5313,3
37.9062,73.7087,3
23.6836,28.2468,1
14.7389,52.8613,2
29.1486,30.1329,2
40.8737,72.6212,3
18.8625,31.3786,1
17.4873,41.3082,1
39.8629,52.7778,3
12.3644,46.0139,1
13.1616,42.3418,1
24.1232,55.6594,2
29.2309,68.1115,2
10.5696,62.5699,2
10.7930,36.7359,1
40.7882,57.9728,3
16.0199,46.9931,1
35.2666,71.5539,3
32.2012,21.3571,3
27.4896,28.4129,2
11.6723,52.9181,2
37.1923,21.9833,3
37.4256,58.8513,3
36.3195,33.4601,3
23.7758,26.5863,1
18.3612,36.6534,1
21.1803,29.6272,1
16.6049,69.5809,2
37.4363,38.9463,3
43.1675,33.1408,3
24.2387,64.7439,2
25.5010,32.9044,2
22.8987,47.5397,1
31.7226,42.3084,3
25.0957,34.5169,2
28.7372,32.0701,2
40.3634,61.1052,3
24.3598,61.0975,2
10.2449,38.9469,1
25.4105,45.8389,2
36.2056,72.9544,3
23.2999,39.2830,1
31.3680,35.4689,3
14.9473,72.8848,3
38.3335,72.7175,3
17.6242,20.9795,1
25.3042,71.3485,3
14.8414,26.4452,1
12.4133,62.0760,2
37.5074,58.2457,3
11.8652,59.7809,2
25.7020,28.6842,2
20.3294,47.5631,1
21.5378,73.3362,3
26.6160,40.4683,2
33.5608,55.7800,3
10.0854,54.0161,2
18.5319,40.6379,1
34.7222,50.6562,3
22.9029,29.2076,1
27.6919,37.5651,2
41.9525,49.3891,3
40.3087,41.4600,3
38.9603,23.1095,3
20.4342,24.2997,1
11.1078,70.5374,3
35.0904,54.3811,3
28.6372,51.3255,2
32.3542,65.4619,3
30.8911,61.1719,3
19.8342,73.7219,3
11.1164,41.2617,1
40.8717,29.9288,3
14.9468,40.0987,1
24.9868,71.3367,3
39.2642,45.5249,3
44.0541,55.3253,3
40.5781,33.5331,3
27.1137,21.6344,2
10.3108,58.7999,2
14.1403,50.1295,2
34.3603,21.7729,3
25.7059,57.6284,2
41.1406,36.4577,3
44.0976,66.4498,3
32.7722,41.5559,3
34.8889,64.8906,3
20.6155,74.6057,3
41.8017,46.7026,3
35.2990,48.8205,3
36.6326,65.4840,3
10.8128,24.3523,1
21.7764,70.4688,3
23.9396,68.8132,2
26.1852,35.8869,2
41.5226,50.8369,3
22.6170,22.4424,1
13.8827,27.6621,1
22.7693,53.4033,2
20.7657,23.6040,1
19.2683,42.4775,1
44.7294,41.6143,3
13.1218,51.9613,2
42.1874,63.2683,3
39.2676,71.0527,3
32.2790,74.7207,3
11.1649,65.9162,2
39.9954,70.4185,3
26.7359,63.3266,2
16.8278,53.1722,2
22.5526,52.7896,2
33.6446,39.0888,3
17.5683,37.6928,1
33.2385,57.2281,3
35.9461,26.9595,3
38.6481,57.8481,3
11.0677,38.4579,1
26.3349,39.8340,2
14.1096,31.4040,1
10.8596,25.1192,1
19.3205,65.0984,2
28.4323,43.3474,2
33.1757,49.7831,3
14.6030,32.2443,1
17.7883,52.9974,2
26.1569,41.3172,2
29.4824,73.3564,3
20.9968,48.6107,1
26.8130,59.4154,2
35.5602,60.0989,3
17.0532,44.7001,1
38.3911,40.9842,3
44.4489,40.0633,3
27.4183,46.0989,2
25.1782,66.5097,2
15.4346,51.2216,2
31.6511,66.8172,3
31.3220,72.8011,3
40.5259,39.1807,3
40.0967,72.7163,3
19.0019,53.5615,2
19.8631,55.7262,2
13.2775,60.3803,2
24.6937,52.3019,2
10.9052,58.2493,2
27.3597,54.3888,2
21.0484,28.0201,1
25.2400,71.9189,3
17.9728,57.1711,2
11.7445,59.4955,2
18.3453,44.8334,1
22.8714,26.2062,1
22.0954,39.2569,1
28.2737,73.4793,3
26.4506,70.2934,3
26.1545,25.9149,2
18.0554,42.4135,1
21.3879,67.6206,2
33.7526,51.8070,3
27.1930,41.8499,2
31.4267,26.8534,3
15.6887,36.6714,1
15.9915,57.2404,2
10.8669,28.8098,1
41.5913,74.8649,3
27.0657,47.2454,2
37.0690,21.9904,3
24.9458,25.4905,1
24.0324,74.1102,3
36.3772,74.1775,3
36.1117,53.4461,3
36.3977,56.2500,3
26.2423,36.0900,2
28.2062,34.2171,2
27.0337,28.0374,2
29.7888,33.4906,2
20.2763,47.4465,1
15.6884,72.9309,3
25.6431,39.3754,2
11.0219,66.3790,2
31.9042,42.9023,3
18.5936,60.9826,2
43.0916,40.9445,3
14.7207,26.0057,1
10.2227,60.9175,2
44.3488,74.6050,3
37.4469,28.9201,3
44.2198,38.0297,3
21.6767,57.8035,2
11.7167,65.4173,2
44.9054,62.6288,3
37.3587,41.4673,3
12.3072,63.5967,2
30.9005,70.0136,3
14.0587,36.7818,1
22.6230,57.5804,2
37.5711,72.8561,3
20.3393,47.1500,1
11.0136,33.9143,1
23.0901,52.6593,2
26.4796,40.0461,2
31.8427,65.5739,3
18.4588,38.8582,1
34.6723,62.7867,3
38.8889,31.5132,3
28.8743,69.5006,2
23.7183,43.6436,1
44.4688,26.2179,3
34.6961,66.7601,3
15.2778,59.2949,2
26.4408,66.9090,2
41.7608,67.9867,3
12.2535,61.6270,2
42.2535,54.1742,3
31.0307,22.4753,3
39.9612,22.5522,3
20.9728,70.9225,3
43.2411,74.5545,3
26.6741,29.7586,2
27.0781,25.6272,2
40.5388,50.8295,3
24.1577,24.3742,1
24.1834,67.6405,2
34.6192,24.5351,3
15.5968,41.5770,1
13.5481,71.3723,3
32.8302,25.2153,3
37.5820,40.2623,3
18.5705,51.3492,2
10.4680,45.5969,1
39.5332,71.0432,3
21.9894,55.3340,2
17.9388,50.8117,2
18.8910,51.4246,2
16.0103,71.7678,3
41.0421,38.5305,3
37.1832,25.2527,3
35.9126,35.5353,3
14.7475,57.3005,2
26.4432,49.1577,2
28.2185,23.2696,2
11.7983,53.0642,2
31.8353,22.5946,3
23.2454,53.7068,2
32.9838,65.5552,3
24.7256,50.1542,2
30.2496,37.1625,3
11.8839,20.2324,1
39.2644,31.0128,3
32.0589,51.7376,3
23.9872,65.8421,2
34.4441,21.2508,3
37.1843,47.8849,3
22.1457,59.9787,2
34.0123,37.0824,3
44.4064,55.6790,3
31.2023,23.8434,3
19.7762,44.5836,1
32.0719,48.2020,3
36.7062,34.4412,3
34.5755,64.9128,3
36.7767,62.3966,3
41.0977,24.6298,3
34.4017,73.2773,3
30.0778,31.9524,3
44.9564,29.6073,3
21.7445,29.4634,1
26.2579,43.0382,2
27.1934,71.0391,3
26.7414,48.3044,2
41.0339,64.9767,3
18.3903,20.7109,1
32.0325,66.4667,3
29.3498,31.6147,2
35.9474,56.8247,3
29.7761,67.4835,2
37.4485,56.7374,3
33.2666,56.4211,3
28.3808,45.5157,2
34.8360,53.5772,3
27.1493,26.9664,2
34.5675,55.5299,3
21.9787,39.5978,1
18.6353,72.9053,3
40.1070,50.8577,3
24.0579,60.5254,2
28.4705,73.6718,3
11.9293,21.8857,1
29.9014,31.1804,2
31.1506,62.9783,3
14.8338,44.2335,1
34.1033,65.8625,3
27.3720,31.3384,2
30.5030,44.9984,3
37.0174,50.5567,3
19.7798,61.4916,2
28.1211,29.7651,2
29.7075,72.1576,3
34.6931,36.4342,3
34.8806,35.5433,3
28.9941,48.9628,2
18.6587,39.1335,1
42.9764,33.7829,3
38.0359,56.7054,3
28.6420,27.5633,2
17.1600,29.8438,1
30.5378,73.5361,3
40.7034,21.3889,3
19.5804,28.6492,1
44.1487,32.9586,3
17.0460,54.1481,2
29.4665,32.4218,2
33.4628,25.3354,3
10.6779,24.5328,1
22.7704,73.6259,3
29.1536,61.5099,2
21.2524,59.5636,2
43.8163,39.6768,3
44.9671,55.1125,3
36.2007,33.8692,3
32.5082,48.1053,3
43.4741,69.7571,3
23.8835,72.0778,3
40.9684,52.4711,3
12.8741,28.8435,1
12.6906,25.9396,1
44.1933,31.6692,3
34.1799,55.0091,3
32.0901,31.3687,3
30.2771,54.4046,3
29.9642,30.2389,2
35.3071,24.0284,3
30.6920,43.9943,3
18.7600,64.4064,2
16.1562,71.3140,3
40.9598,39.8323,3
20.6804,27.5618,1
42.0715,54.5143,3
11.1124,48.1050,1
13.0030,51.5563,2
27.8137,24.5565,2
38.5551,34.4274,3
28.9520,55.1471,2
43.6807,47.1596,3
42.1061,39.5172,3
40.0103,32.9704,3
34.7618,24.8737,3
44.5118,72.4665,3
25.4775,48.8164,2
30.9221,35.1271,3
33.6065,58.4209,3
28.3777,28.1257,2
42.1715,26.3275,3
32.0210,25.6699,3
15.1135,21.1296,1
22.7177,55.1770,2
28.2540,57.0997,2
33.6257,27.7096,3
12.0068,54.3947,2
32.8629,50.6187,3
18.6017,64.5921,2
12.6490,54.7771,2
14.2144,55.9946,2
24.6204,59.4957,2
11.8267,50.5296,2
15.0707,57.5310,2
14.1984,24.0471,1
34.9593,23.4943,3
17.8586,65.3604,2
38.3391,66.9769,3
21.4135,49.0426,1
37.0672,27.5342,3
35.3537,25.3617,3
41.9638,55.0521,3
27.2657,46.6601,2
16.3477,39.0255,1
35.4493,49.7519,3
28.5257,30.7385,2
34.1627,41.5619,3
16.3964,71.9082,3
27.7380,49.0420,2
44.3480,40.1523,3
43.0057,58.2209,3
32.1583,32.8930,3
11.8114,44.0781,1
10.3560,23.9051,1
30.8364,59.8460,3
15.8782,60.2875,2
43.2404,60.8747,3
37.4650,58.5392,3
17.8658,39.8489,1
43.2243,56.3666,3
37.6159,73.2782,3
18.1003,37.6928,1
32.5681,21.3397,3
29.9927,64.4779,2
31.3655,36.2466,3
35.3436,28.0317,3
41.3171,25.5503,3
40.2222,47.3795,3
25.0026,47.5364,2
17.0072,45.1727,1
39.7402,64.0525,3
15.7067,57.0382,2
39.9893,65.0872,3
24.8971,22.6451,1
42.5909,41.7737,3
22.6342,61.7733,2
19.2390,65.9111,2
12.6618,60.7391,2
43.8026,74.7673,3
42.3332,67.8919,3
19.7608,73.1657,3
42.4764,49.3905,3
24.0727,26.0097,1
30.6722,58.5300,3
24.1399,42.3316,1
30.0659,21.5281,3
43.5253,35.9448,3
14.9312,20.3019,1
39.9912,67.4764,3
13.3357,28.3733,1
25.6766,30.2137,2
35.7537,23.1922,3
29.2398,41.0535,2
26.2731,43.3616,2
15.3606,32.1155,1
12.2683,26.3407,1
44.2263,35.3883,3
20.7459,26.9908,1
36.4307,70.8279,3
37.6413,53.6939,3
38.4632,42.2327,3
40.0824,63.9185,3
10.0604,46.8287,1
19.2616,24.7428,1
39.6169,20.4372,3
35.5557,74.3506,3
26.8707,40.4182,2
31.2042,64.2584,3
18.4088,33.7886,1
31.2512,71.6934,3
20.4454,40.7215,1
44.7667,29.6922,3
12.6939,52.4365,2
10.8493,29.9238,1
31.7773,56.2732,3
27.8649,41.1061,2
30.1669,55.3862,3
38.1219,63.6013,3
33.2680,69.1828,3
39.3309,27.3285,3
43.4838,69.0458,3
21.2325,21.1101,1
31.1392,44.1130,3
36.2348,48.8530,3
12.6772,33.4578,1
40.8883,22.0729,3
35.7834,36.0569,3
25.8424,49.2053,2
18.7528,55.8578,2
34.2705,24.6783,3
23.0874,60.9408,2
35.2573,49.9532,3
37.2186,25.9205,3
14.1374,56.1619,2
34.2667,64.7990,3
16.3363,48.4224,1
33.1291,32.3035,3
28.0925,55.1145,2
17.5057,40.6560,1
17.5719,69.6619,2
18.2880,26.6459,1
11.2304,22.4724,1
16.7055,53.4515,2
10.6177,35.7709,1
12.0358,42.2012,1
11.7002,53.4148,2
34.0948,60.2236,3
17.8520,67.7675,2
34.1601,23.1158,3
25.4268,62.2266,2
20.8813,40.9857,1
32.0361,23.0514,3
43.8427,29.5965,3
10.9335,20.2928,1
23.9844,68.6339,2
38.6917,70.1625,3
28.6824,44.6810,2
23.5051,22.5530,1
41.8332,47.2897,3
25.9274,48.3342,2
37.7954,32.3459,3
34.8465,59.0923,3
39.7343,20.4776,3
15.9638,45.9076,1
39.7689,73.0814,3
30.8204,31.6674,3
16.4605,55.1694,2
17.3524,50.4198,2
39.2184,41.4401,3
23.2465,21.9877,1
18.8930,58.4005,2
22.6137,28.7064,1
13.7019,25.2279,1
33.0697,53.6942,3
28.1482,47.5180,2
15.3598,47.5332,1
12.0978,70.9222,3
12.0310,43.2942,1
10.0200,63.2383,2
15.8160,70.8704,3
11.5392,65.1433,2
32.9823,33.7355,3
17.0847,39.6723,1
38.9941,67.4076,3
16.1350,39.4396,1
18.3122,26.7454,1
32.6257,39.0229,3
17.8884,67.6299,2
36.1911,62.5569,3
11.3719,70.3322,3
30.1158,47.7092,3
10.3705,69.3714,2
29.0362,65.3834,2
32.9429,63.8181,3
34.2526,70.6530,3
17.8919,31.1155,1
34.9390,47.5767,3
30.9706,58.9698,3
29.1600,63.3231,2
21.1604,67.2445,2
13.7687,54.8702,2
41.1546,33.8982,3
21.4392,36.7993,1
29.7492,42.7080,2
13.7786,69.0208,2
17.1637,49.3744,1
30.8182,22.2414,3
13.3499,73.4429,3
33.2579,21.8461,3
37.7970,47.9699,3
12.6320,57.4414,2
27.4773,31.2706,2
40.7196,36.0259,3
19.9595,35.0025,1
36.8610,58.8365,3
41.6101,32.6137,3
37.5228,51.5175,3
20.8038,21.9500,1
38.6632,33.2589,3
32.1110,50.1877,3
10.1557,74.6889,3
38.5015,46.7559,3
33.8119,46.2127,3
36.0605,27.3881,3
25.6223,38.4545,2
26.0879,44.7760,2
15.0083,73.7069,3
10.5422,20.5540,1
23.0704,54.1207,2
16.2879,49.3257,1
35.2970,25.1733,3
44.4548,38.5185,3
32.4845,26.0896,3
34.8320,66.2251,3
13.6850,26.9225,1
19.8367,20.6565,1
44.5118,52.9111,3
31.2656,72.7429,3
39.1210,64.7834,3
21.8826,38.4175,1
20.2108,39.0683,1
22.9328,27.7002,1
22.4582,44.5711,1
20.8272,29.0941,1
23.0694,46.4499,1
35.2255,59.1181,3
17.0943,22.0160,1
20.6330,28.6425,1
23.8526,73.8640,3
16.3375,37.5381,1
35.3790,48.0051,3
11.5375,28.8930,1
42.7337,25.6741,3
32.2282,63.5779,3
19.2904,59.8793,2
15.9463,35.6613,1
20.9138,74.8039,3
17.5100,27.1064,1
42.3992,28.9062,3
40.7748,55.7751,3
30.1902,61.3236,3
35.4100,26.0789,3
44.9813,71.8039,3
41.3807,54.2259,3
28.2977,49.4953,2
10.5228,47.4708,1
31.8319,56.2288,3
21.6249,45.9205,1
32.2709,43.5568,3
43.6747,58.7993,3
10.0446,21.2804,1
34.1605,42.6955,3
39.3815,29.5158,3
10.4839,41.3445,1
35.7622,73.4450,3
40.9279,46.6241,3
38.4486,23.8682,3
30.0295,70.8364,3
23.8735,72.8055,3
17.7240,25.8099,1
28.3667,69.8986,2
20.8948,64.0088,2
15.9219,61.0064,2
29.4959,29.6259,2
35.1331,59.2566,3
28.0402,32.4007,2
14.6303,72.6490,3
32.9534,64.5083,3
34.3940,65.6210,3
15.6872,47.3323,1
33.3494,25.6864,3
15.2485,54.8690,2
40.4047,56.3229,3
11.2672,73.3738,3
14.8827,32.7909,1
44.1239,62.4068,3
42.7802,64.3641,3
32.8107,35.6504,3
21.4409,72.0999,3
40.1219,39.7720,3
23.0644,36.3732,1
21.4146,67.3367,2
10.3677,43.9829,1
42.9994,49.8450,3
25.7656,37.1803,2
12.5869,32.3468,1
13.1660,26.9685,1
15.7231,36.6116,1
10.3856,72.2579,3
14.3337,41.0732,1
40.7835,25.8612,3
26.9261,66.4631,2
29.4937,31.5689,2
35.7428,57.4738,3
22.6765,22.5462,1
10.2753,65.3966,2
21.2545,27.5773,1
28.1493,70.6458,3
10.2968,23.0879,1
24.5966,57.1781,2
26.6635,69.3652,2
11.5430,38.7077,1
22.2972,38.7070,1
27.0690,63.4817,2
21.1259,60.9466,2
15.1263,50.8399,2
23.1281,49.6566,1
13.7712,72.4405,3
41.7175,65.4518,3
41.2474,28.0678,3
27.6303,37.4850,2
41.0585,30.4191,3
17.6981,57.7693,2
13.1115,60.2802,2
19.3845,56.3514,2
40.5563,53.5286,3
17.4439,22.7041,1
11.5615,24.8847,1
30.2936,39.1520,3
18.5087,32.0619,1
43.2004,26.5349,3
20.6685,45.9312,1
10.0157,70.6524,3
13.4685,57.5359,2
32.0103,64.4985,3
32.7986,62.3163,3
24.7437,46.8787,1
34.5582,51.2635,3
27.9038,31.3057,2
19.0338,39.7174,1
10.3250,42.9550,1
10.0969,51.0758,2
34.6410,50.9182,3
34.2732,20.0007,3
12.0805,58.4154,2
38.1015,59.4736,3
33.2054,58.9060,3
35.8856,59.8408,3
35.8303,24.0711,3
12.2145,39.8616,1
28.4659,61.9440,2
21.7148,35.1314,1
37.3507,33.7135,3
38.7294,29.7423,3
22.5816,42.0592,1
20.4829,20.1846,1
18.2428,38.5709,1
20.9769,63.2056,2
11.6579,41.3922,1
11.3130,71.1856,3
37.6573,74.0189,3
41.8556,37.3697,3
34.2054,36.8605,3
41.0874,42.5914,3
23.1561,70.2738,3
39.2859,73.1527,3
12.3271,33.3836,1
20.5300,43.3394,1
26.5596,36.0310,2
37.6658,32.2784,3
34.3781,66.8473,3
31.1294,39.4787,3
16.5762,27.3890,1
36.0461,45.8023,3
11.6212,74.1112,3
33.4956,66.4300,3
25.3366,72.5491,3
16.9834,30.1825,1
41.1617,69.0444,3
27.4657,26.9182,2
20.6826,61.4784,2
39.6097,39.1210,3
12.1432,56.6150,2
35.8824,43.3208,3
30.4084,74.3054,3
18.5750,51.5138,2
31.3836,50.2009,3
40.4195,53.2754,3
27.7762,26.7658,2
34.6123,27.2659,3
10.9299,46.8692,1
30.0356,74.9480,3
34.9314,66.6725,3
22.1236,47.9903,1
44.0994,42.9564,3
38.2552,48.9294,3
17.8387,51.9230,2
17.6322,20.1665,1
18.2564,30.6229,1
22.9822,68.8728,2
23.5749,66.4853,2
29.4465,20.4188,2
16.6058,71.2203,3
31.1461,71.1251,3
20.8542,59.4109,2
37.0209,73.6635,3
10.6362,72.3730,3
23.7057,66.0896,2
29.0650,51.0557,2
22.5782,65.5660,2
19.2405,47.0733,1
29.6061,60.8387,2
26.5072,57.4156,2
26.9853,56.2626,2
33.5950,59.0193,3
38.8155,49.7397,3
16.7647,57.3802,2
12.6991,32.0425,1
37.7255,43.9289,3
27.4315,74.3068,3
18.2310,21.0754,1
13.8980,33.4476,1
35.4072,62.6702,3
29.7921,34.0276,2
28.2610,20.8227,2
33.8630,53.7864,3
10.7629,64.9356,2
36.7199,36.9523,3
32.2382,53.0821,3
15.0113,30.6293,1
33.9122,71.3453,3
30.1700,51.2297,3
32.6339,44.2318,3
11.8960,41.8077,1
41.5088,64.2721,3
42.4598,28.4057,3
27.7085,52.1600,2
17.3474,31.0534,1
37.3712,56.9519,3
32.6516,34.6843,3
27.7369,21.2688,2
14.5481,48.5038,1
20.8385,73.1118,3
26.5020,24.5960,2
10.6245,59.8892,2
16.0027,30.3297,1
24.8333,34.5233,1
31.5802,46.7131,3
13.9008,63.1607,2
24.9051,53.5959,2
10.1380,54.4520,2
19.8997,47.1904,1
20.4202,74.7943,3
18.0795,70.2073,3
42.1288,43.1550,3
20.6401,40.9570,1
44.6269,54.0338,3
29.0673,21.9755,2
39.6745,24.6093,3
11.6440,35.1172,1
26.6526,69.2409,2
37.6528,30.8698,3
23.0228,62.9132,2
28.4482,29.5971,2
23.8619,54.4265,2
44.0629,56.3997,3
10.5668,58.7755,2
18.7803,67.4187,2
23.4361,30.9788,1
26.3782,34.0359,2
18.2538,51.5294,2
36.8571,65.9225,3
23.9184,23.6742,1
26.9391,43.8580,2
16.8943,69.2880,2
44.0952,22.8461,3
37.8511,55.5144,3
19.1503,54.9336,2
14.5025,23.8174,1
44.7721,55.0003,3
18.8628,44.7519,1
43.2531,44.1299,3
41.5156,67.7845,3
22.0455,58.2805,2
33.1174,62.4167,3
22.8075,22.8730,1
15.9864,53.9105,2
37.1285,61.5827,3
30.4289,24.6617,3
10.6051,63.0178,2
29.2282,63.0492,2
15.6976,42.4083,1
42.1709,29.4379,3
12.1534,55.9407,2
30.8088,72.3617,3
41.7264,61.2187,3
10.6705,46.4213,1
41.3636,43.8508,3
43.6751,55.8868,3
13.8310,48.0100,1
34.3466,23.5953,3
22.0627,59.4395,2
15.4975,39.1587,1
34.1469,62.6548,3
28.1479,72.6272,3
42.3866,46.0390,3
15.6096,62.5112,2
18.5099,66.3552,2
30.5501,41.6751,3
29.4734,49.3045,2
42.3657,31.7900,3
42.4855,21.7238,3
36.9221,70.5817,3
23.7918,24.0187,1
38.1634,66.3576,3
21.7690,48.5226,1
38.3314,30.5624,3
32.0142,43.6847,3
16.1046,65.7292,2
21.3638,71.3934,3
29.9127,48.2980,2
24.8157,42.0369,1
38.6288,57.2625,3
37.0792,43.1596,3
19.1503,24.7776,1
37.1830,42.8402,3
27.8228,45.8139,2
25.0898,57.6145,2
31.3057,73.4630,3
14.8616,51.5436,2
12.2134,64.4355,2
31.5709,43.5608,3
38.0782,45.0251,3
17.9725,45.9875,1
12.4791,69.3824,2
35.5835,61.8174,3
40.6073,63.5365,3
25.1148,26.5250,2
23.0678,71.3747,3
43.2182,62.2329,3
17.1551,30.6947,1
40.7920,27.8054,3
30.4448,40.8038,3
20.5704,57.2560,2
43.5849,62.7699,3
27.0157,44.2391,2
41.7682,51.7959,3
27.3824,57.5560,2
18.3004,23.5055,1
39.9289,53.3994,3
15.7707,36.3926,1
44.6477,54.8933,3
32.2639,23.9690,3
43.9147,69.1031,3
29.1724,37.0164,2
34.4319,65.8356,3
37.5142,73.7376,3
32.2899,37.6674,3
27.4275,64.8974,2
19.2870,32.7275,1
35.3692,44.4435,3
38.5800,27.9026,3
21.7494,34.7455,1
34.4254,61.7631,3
25.9601,46.2916,2
14.6211,58.6005,2
44.7311,62.7857,3
17.8089,54.2718,2
20.3235,21.6597,1
16.2938,25.6426,1
16.8576,63.7582,2
20.2491,61.6372,2
43.2102,51.5850,3
26.9893,61.2570,2
13.3982,43.5517,1
27.4589,65.7078,2
38.4976,66.6546,3
34.4256,49.1806,3
38.9758,68.0305,3
26.8170,74.2114,3
40.6186,48.0758,3
12.4251,32.3471,1
37.1740,26.1135,3
26.4430,53.2669,2
40.7421,66.5913,3
36.7497,42.4232,3
14.9787,56.8307,2
16.3451,50.8723,2
44.3237,50.2670,3
32.5945,57.2667,3
39.0636,43.9239,3
27.4128,29.6785,2
31.5138,36.2667,3
27.7669,62.1606,2
10.6149,51.0154,2
16.0706,35.3661,1
11.2150,29.3205,1
44.5320,74.9188,3
35.1947,53.6521,3
37.1952,69.3105,3
28.1757,21.9406,2
34.8289,74.1531,3
19.0319,45.4906,1
22.6446,41.4757,1
35.2490,40.8122,3
42.9379,63.4312,3
10.9676,65.0202,2
37.0500,48.4072,3
27.3886,65.9540,2
24.8675,28.7704,1
20.9515,34.5861,1
33.8371,29.8380,3
32.5670,45.6282,3
39.3881,46.6749,3
42.5431,69.5258,3
16.4851,57.7392,2
17.5119,65.2817,2
32.2503,36.1765,3
18.7193,43.6268,1
38.0253,63.7889,3
11.1682,36.6258,1
24.7998,52.2070,2
15.2334,38.4406,1
40.9959,46.2101,3
36.0450,46.6628,3
26.2744,54.2059,2
19.0778,33.7391,1
44.6274,67.7946,3
35.8214,27.5429,3
11.0579,29.6477,1
42.8206,64.8959,3
28.3077,73.2829,3
15.1304,50.7533,2
16.4128,36.8536,1
42.9047,67.7553,3
13.5630,33.7249,1
30.8078,23.3744,3
29.2530,52.1470,2
20.1839,36.1218,1
18.0178,71.4622,3
23.6105,52.1898,2
20.5551,58.6465,2
13.5504,23.9403,1
36.0499,59.9667,3
19.2750,39.5276,1
43.5041,25.7382,3
16.4101,43.6521,1
19.8735,55.6955,2
34.1711,48.9513,3
31.3919,43.8381,3
36.6136,22.3154,3
20.9512,57.6437,2
21.5376,24.3194,1
22.0755,59.1322,2
14.2695,59.8547,2
37.1409,54.9415,3
18.5482,64.2912,2
17.5055,69.8202,2
34.7326,23.0096,3
37.9750,47.8538,3
25.8427,43.1281,2
31.2321,59.8518,3
41.3592,35.0120,3
32.0772,57.7488,3
33.6179,47.1150,3
23.6858,61.9308,2
20.5003,31.4429,1
29.1040,34.7186,2
11.1632,22.8367,1
34.3254,73.5230,3
25.9141,28.0884,2
38.6329,34.3790,3
44.8469,50.9795,3
18.1421,47.2803,1
21.7383,62.8710,2
13.7036,67.1351,2
36.8568,67.3750,3
41.3248,32.6378,3
28.2352,66.7457,2
23.2086,23.3224,1
20.2072,33.3056,1
40.4522,45.5116,3
33.9240,72.9165,3
20.4716,61.8660,2
10.7967,25.7264,1
15.6653,37.1830,1
24.1046,46.2359,1
18.5866,23.6418,1
33.7133,21.3014,3
38.3315,71.1035,3
34.8629,52.7778,3
32.9956,55.8722,3
42.6097,73.0368,3
24.9349,53.9394,2
38.0982,20.0571,3
28.4456,55.9082,2
35.1022,40.2834,3
20.3476,30.0178,1
29.5235,70.5617,3
41.3592,39.7981,3
19.0249,63.3837,2
35.3743,47.7937,3
23.6161,26.8089,1
37.4799,53.9605,3
23.1909,70.5333,3
33.0885,71.1081,3
26.6044,45.0040,2
42.8034,72.7885,3
43.6269,65.0394,3
26.1842,31.5665,2
23.4204,71.6064,3
22.7244,61.6195,2
42.3052,73.3716,3
43.1686,50.5282,3
27.2158,74.3202,3
17.6363,30.3142,1
43.7114,57.9057,3
28.7706,27.2627,2
27.9634,71.9322,3
31.1012,42.2546,3
29.2886,68.7380,2
41.9497,42.0048,3
31.2821,35.3561,3
25.7880,32.0935,2
28.6015,51.8032,2
21.8243,34.9665,1
15.2859,27.6749,1
34.9011,32.1901,3
14.1292,74.9379,3
19.0971,69.2827,2
31.3215,59.3289,3
29.6322,29.9446,2
39.6468,65.5385,3
22.2390,62.0118,2
29.0064,69.9977,2
38.0989,22.2548,3
40.7747,73.2712,3
35.9755,26.5952,3
38.2582,55.6119,3
21.8589,68.6217,2
29.7948,66.9110,2
33.4540,35.8684,3
44.1257,51.4053,3
28.0864,42.1930,2
14.7720,57.7417,2
25.0780,71.4037,3
43.7784,62.2202,3
18.4873,59.3789,2
10.7148,65.4520,2
27.2766,71.5207,3
23.2216,34.4745,1
44.8270,49.1873,3
40.2114,70.1081,3
28.1464,45.0643,2
29.3510,66.6257,2
43.7631,38.0577,3
35.8521,35.6956,3
31.3834,64.2634,3
41.0270,44.6794,3
22.9414,33.9398,1
14.6696,40.0705,1
40.5192,43.0345,3
21.1053,60.6523,2
17.5455,34.0958,1
42.7568,24.4874,3
24.5121,51.7213,2
18.0591,35.4557,1
17.7646,38.9852,1
41.4477,43.7373,3
24.6240,41.2619,1
43.7440,26.4515,3
40.5156,37.9939,3
43.4779,37.3375,3
12.9006,48.6023,1
17.9753,61.4144,2
33.0057,57.7558,3
16.7721,58.9747,2
20.8966,74.9271,3
35.6119,52.4726,3
40.3491,52.4121,3
29.3462,33.0524,2
33.7339,40.6054,3
11.5079,64.8834,2
11.8156,56.9765,2
15.4852,43.7913,1
40.0682,25.1931,3
33.3503,53.6940,3
40.3635,29.5004,3
37.9926,44.7567,3
25.0025,39.8981,2
23.4951,48.5978,1
13.7380,43.3786,1
32.8193,47.4006,3
15.8040,39.9678,1
25.5037,56.7881,2
41.5268,50.2707,3
33.6729,24.2454,3
43.4063,37.3365,3
22.4002,32.2564,1
12.9635,63.4526,2
18.4172,35.5478,1
16.3629,73.6187,3
37.3362,71.1445,3
40.1603,69.8463,3
26.7662,29.3798,2
21.4408,36.0848,1
35.0997,21.4120,3
14.9715,57.5587,2
14.3205,22.6561,1
13.8225,57.9871,2
14.8764,28.0467,1
18.0605,61.3001,2
17.0124,21.9456,1
41.7052,68.1975,3
16.4687,34.5938,1
16.5995,59.5744,2
18.7503,71.2297,3
38.9674,52.3621,3
10.3128,68.6018,2
35.4717,63.3349,3
12.5139,58.9708,2
38.1606,72.6149,3
30.3165,47.9423,3
24.8889,58.5708,2
42.2287,52.9865,3
17.9549,20.9666,1
31.6690,67.5529,3
12.3091,41.8664,1
42.9016,47.5922,3
17.7230,39.4511,1
24.2849,26.4509,1
33.1277,52.5690,3
32.6703,53.5935,3
10.5835,29.5955,1
15.7950,25.3873,1
35.7417,26.6075,3
33.3868,29.8115,3
14.1409,28.9392,1
27.7941,55.5015,2
38.4174,27.0709,3
31.5665,62.5612,3
20.9342,24.3844,1
15.4581,25.0357,1
41.0524,40.7186,3
28.3172,62.2778,2
23.0024,55.7006,2
12.6838,46.4498,1
13.3782,33.6556,1
20.2669,59.4671,2
33.5936,61.0894,3
12.1614,74.6653,3
11.9047,65.4161,2
35.9094,52.5469,3
25.3600,61.6423,2
35.8950,27.5448,3
37.7421,24.3206,3
27.5191,55.4795,2
38.7591,45.4711,3
18.2900,46.9863,1
18.7573,49.0799,1
26.1878,62.9277,2
18.4032,30.9992,1
26.5965,22.7777,2
18.0269,39.4538,1
27.0670,34.8190,2
29.6223,68.3128,2
29.0305,35.7762,2
12.1693,27.5166,1
29.6426,57.6040,2
11.7384,30.2052,1
21.1678,37.5875,1
43.5442,31.2074,3
12.1882,39.4158,1
14.7055,26.9620,1
24.2608,36.8515,1
13.2104,53.2367,2
27.5595,24.2405,2
40.1961,35.6592,3
43.6483,71.2346,3
25.1934,32.5712,2
39.2198,39.8707,3
15.7243,50.3384,2
27.1291,66.7510,2
35.5248,68.1877,3
35.7146,55.3196,3
27.5062,74.3154,3
43.5708,66.6869,3
37.1362,51.7658,3
19.0914,68.1491,2
10.3786,32.5092,1
24.1306,52.2386,2
29.6308,29.6699,2
13.6679,32.2281,1
22.2048,20.7730,1
34.2360,33.6250,3
22.2992,38.4196,1
27.9140,67.2890,2
15.2286,38.7400,1
34.2210,22.4327,3
39.0493,72.9004,3
31.2673,72.6080,3
24.4572,42.8267,1
13.7187,21.9496,1
18.5577,46.2971,1
27.7689,31.9666,2
31.4482,29.9663,3
21.4174,30.7640,1
34.3832,48.4115,3
35.7635,23.1486,3
24.8877,73.1827,3
11.8767,43.0108,1
11.4139,28.0659,1
26.1884,28.6632,2
28.1564,70.7502,3
17.0143,25.8953,1
38.8847,45.3148,3
40.8914,36.8368,3
31.9636,70.7822,3
16.0094,64.0401,2
32.1031,64.7121,3
15.9743,43.8748,1
14.5093,72.8045,3
12.1942,23.6016,1
41.4355,36.5419,3
30.8957,35.8112,3
32.7065,30.5858,3
26.0604,49.3421,2
21.6775,33.8435,1
14.9072,58.8379,2
15.8899,36.0670,1
21.7918,44.9902,1
34.5899,43.5370,3
40.4883,57.3882,3
39.3470,59.3995,3
15.2021,73.7860,3
37.5305,51.4997,3
15.7831,29.4974,1
31.5016,42.8908,3
33.6551,40.4835,3
27.9496,30.3377,2
15.4320,24.1605,1
38.6874,50.5462,3
43.1499,61.2217,3
36.9067,47.9982,3
38.5409,71.8135,3
35.2609,25.8074,3
32.7857,26.6238,3
12.7028,58.1095,2
39.2175,28.7363,3
12.5952,68.7588,2
14.6273,21.9297,1
35.2369,66.6244,3
28.0066,49.6959,2
21.7901,33.1155,1
36.4331,66.7106,3
21.2436,35.0601,1
19.3727,22.7827,1
19.8376,21.4108,1
37.5943,34.0760,3
34.1554,49.8754,3
39.3112,72.8208,3
22.8552,24.8587,1
36.2376,21.1716,3
17.8037,22.9288,1
41.4352,20.2913,3
27.2460,43.3200,2
32.8461,35.9359,3
40.5793,60.3890,3
25.1303,39.6914,2
38.5561,61.6383,3
23.9650,38.7755,1
11.3611,24.4939,1
11.8871,21.3429,1
15.3505,67.1428,2
37.9356,66.5066,3
31.8330,54.3235,3
14.3376,58.4431,2
19.8009,48.5589,1
43.4153,67.8839,3
18.1618,60.5158,2
13.6432,21.4708,1
10.9861,29.3636,1
34.3232,39.9818,3
10.5580,74.3412,3
28.6682,41.6634,2
28.1597,48.5984,2
26.4583,53.7122,2
40.9969,36.5943,3
27.0439,20.2004,2
40.0935,36.8247,3
19.4954,74.8645,3
30.4538,26.7674,3
19.2934,39.4275,1
44.5121,43.6842,3
18.0547,51.3352,2
24.1666,23.0228,1
40.1322,20.8628,3
41.4469,63.5522,3
12.6538,59.7986,2
36.9830,53.1269,3
30.2185,22.7328,3
